section_id,doc_id,doc_type,year_th,year_ce,name_short,era,regime_type,parent_doc_id,chapter_number,chapter_title,sub_section_number,sub_section_title,section_number,section_role,target_chapter,target_section_no,change_mode,text
const_2490a_s_1,const_2490a,interim,2490,1947,Constitution 2490 (interim),post_coup_1947,military,,0,บททั่วไป,,,1,content,,,content,ประเทศไทย เป็น ราชอาณาจักร อันหนึ่งอันเดียวจะแบ่งแยกมิได้ ประชาชนชาวไทยไม่ว่าเหล่ากำเนิดหรือศาสนาใดย่อมอยู่ในความคุ้มครองแห่งรัฐธรรมนูญนี้เสมอ กัน
const_2490a_s_2,const_2490a,interim,2490,1947,Constitution 2490 (interim),post_coup_1947,military,,0,บททั่วไป,,,2,content,,,content,อำนาจอธิปไตยย่อมมาจากปวงชนชาวไทย พระมหากษัตริย์ผู้เป็นประมุขทรงใช้อำนาจนั้น แต่โดยบทบัญญัติแห่งรัฐธรรมนูญนี้
const_2490a_s_3,const_2490a,interim,2490,1947,Constitution 2490 (interim),post_coup_1947,military,,1,พระมหากษัตริย์,,,3,content,,,content,องค์พระมหากษัตริย์ ดำรงอยู่ในฐานะอันเป็นที่เคารพสักการะ ผู้ใดจะละเมิดมิได้
const_2490a_s_4,const_2490a,interim,2490,1947,Constitution 2490 (interim),post_coup_1947,military,,1,พระมหากษัตริย์,,,4,content,,,content,พระมหากษัตริย์ทรงเป็นพุทธมามกะและทรงเป็นอัครศาสนูปถัมภก
const_2490a_s_5,const_2490a,interim,2490,1947,Constitution 2490 (interim),post_coup_1947,military,,1,พระมหากษัตริย์,,,5,content,,,content,พระมหากษัตริย์ทรงดำรงตำแหน่งจอมทัพไทย
const_2490a_s_6,const_2490a,interim,2490,1947,Constitution 2490 (interim),post_coup_1947,military,,1,พระมหากษัตริย์,,,6,content,,,content,พระมหากษัตริย์ทรงใช้อำนาจนิติบัญญัติทางรัฐสภา และทรงประกาศแต่งตั้งสมาชิกวุฒิสภา
const_2490a_s_7,const_2490a,interim,2490,1947,Constitution 2490 (interim),post_coup_1947,military,,1,พระมหากษัตริย์,,,7,content,,,content,พระมหากษัตริย์ทรงใช้อำนาจบวิหารราชการแผ่นดินทางคณะรัฐมนตรี และทรงประกาศแต่งตั้งนายกรัฐมนตรี
const_2490a_s_8,const_2490a,interim,2490,1947,Constitution 2490 (interim),post_coup_1947,military,,1,พระมหากษัตริย์,,,8,content,,,content,พระมหากษัตริย์ทรงใช้อำนาจตุลาการทางศาล
const_2490a_s_9,const_2490a,interim,2490,1947,Constitution 2490 (interim),post_coup_1947,military,,1,พระมหากษัตริย์,,,9,content,,,content,พระมหากษัตริย์ทรงแต่งตั้งอภิรัฐมนตรีเป็น ตำแหน่งสำหรับถวายคำปรึกษาในราชการแผ่นดิน
const_2490a_s_10,const_2490a,interim,2490,1947,Constitution 2490 (interim),post_coup_1947,military,,1,พระมหากษัตริย์,,,10,content,,,content,ในเมื่อพระมหากษัตริย์จะไม่ประทับอยู่ใน ราชอาณาจักรหรือด้วยเหตุใดเหตุหนึ่งจะทรงบริหารพระราช ภาระไม่ได้ จะได้แต่งตั้งอภิรัฐมนตรีขึ้นเป็นผู้สำเร็จราชการ แทนพระองค์ ถ้าพระมหากษัตริยมิได้ทรงตั้งหรือไม่สามารถ จะทรงตั้งได้ ก็ให้คณะอภิรัฐมนตรีเข้าบริหารราชการแผ่นดิน ในหน้าที่คณะผู้สำเร็จราชการแทนพระองค์ทันที
const_2490a_s_11,const_2490a,interim,2490,1947,Constitution 2490 (interim),post_coup_1947,military,,1,พระมหากษัตริย์,,,11,content,,,content,ในกรณีที่ราชบัลลังก์ว่างลง และมิได้มี ผู้สำเร็จราชการแทนพร องค์ตามความในมาตรา 10 ก็ให้ คณะอภิรัฐมนตรีเข้าบริหารราชการแผ่นดินในหน้าที่ผู้สำเร็จ ราชการแทนพระองค์ชั่วคราว จนกว่าจะได้ประกาศแต่งตั้ง ผู้สืบสันตติวงศ์ในหน้าที่พระมหากษัตริย์ต่อไป
const_2490a_s_12,const_2490a,interim,2490,1947,Constitution 2490 (interim),post_coup_1947,military,,1,พระมหากษัตริย์,,,12,content,,,content,การสืบราชสมบัติให้เป็นไปโดยนัยแห่ง กฎมณเทียรบาลว่าด้วยการสืบสันตติวงศ์ พระพุทธศักราช 2467 และประกอบด้วยความเห็นชอบของรัฐสภา
const_2490a_s_13,const_2490a,interim,2490,1947,Constitution 2490 (interim),post_coup_1947,military,,2,อภิรัฐมนตรี,,,13,content,,,content,อภิรัฐมนตรีเป็นตำแหน่งประจำมีห้านาย เป็นผู้บริหารราชการในพระองค์ และถวายคำปรึกษาแต่ พระมหากษัตริย์
const_2490a_s_14,const_2490a,interim,2490,1947,Constitution 2490 (interim),post_coup_1947,military,,2,อภิรัฐมนตรี,,,14,content,,,content,อภิรัฐมนตรีเป็นที่ปรึกษาของพระมหากษัตริย์ด้วยการถวายความเห็นโดยชอบและถูกต้อง เพื่อ ประโยชน์แก่ประเทศชาติทุกสาขา
const_2490a_s_15,const_2490a,interim,2490,1947,Constitution 2490 (interim),post_coup_1947,military,,2,อภิรัฐมนตรี,,,15,content,,,content,ในคณะอภิรัฐมนตรีจะทรงพระกรุณา แต่งตั้งผู้อาวุโสเป็นประธานคณะหนึ่งนาย
const_2490a_s_16,const_2490a,interim,2490,1947,Constitution 2490 (interim),post_coup_1947,military,,2,อภิรัฐมนตรี,,,16,content,,,content,อภิรัฐมนตรีจะพ้นหน้าที่ต่อเมื่อ ลาออก ทุพพลภาพ หรือตาย
const_2490a_s_17,const_2490a,interim,2490,1947,Constitution 2490 (interim),post_coup_1947,military,,2,อภิรัฐมนตรี,,,17,content,,,content,เมื่อตำแหน่งอภิรัฐมนตรีว่างลงจะได้มี พระบรมราชโองการแต่งตั้งแทน อย่างน้อยผู้ที่ได้รับการแต่ง ตั้งแทน จะต้องมีคุณสมบัติ เป็นผู้รับราชการประจำมา แล้วไม่น้อยกว่า 25 ปี และเคยรับราชการอย่างต่ำตำแหน่ง อธิบดี หรือเคยเป็นรัฐมนตรีว่าการกระทรวงมาแล้วไม่น้อย กว่า 4 ปี
const_2490a_s_18,const_2490a,interim,2490,1947,Constitution 2490 (interim),post_coup_1947,military,,2,อภิรัฐมนตรี,,,18,content,,,content,คณะอภิรัฐมนตรีมีหน่วยราชการขึ้นอยู่ ตามที่จะมีประกาศเป็นพระราชกฤษฎีกา
const_2490a_s_19,const_2490a,interim,2490,1947,Constitution 2490 (interim),post_coup_1947,military,,2,อภิรัฐมนตรี,,,19,content,,,content,ประธานคณะอภิรัฐมนตรีจะได้มอบหมาย ให้อภิรัฐมนตรีคนใดบัญชาหน่วยราชการที่กำหนดตาม พระราชกฤษฎีกา
const_2490a_s_20,const_2490a,interim,2490,1947,Constitution 2490 (interim),post_coup_1947,military,,2,อภิรัฐมนตรี,,,20,content,,,content,การบรรจุ การแต่งตั้ง การถอดถอน การลงโทษ การกำหนดคุณสมบัติข้าราชการ ให้เป็นไป โดยกฎหมาย
const_2490a_s_21,const_2490a,interim,2490,1947,Constitution 2490 (interim),post_coup_1947,military,,3,สิทธิและหน้าที่ของชนชาวไทย,,,21,content,,,content,บุคคลย่อมมีฐานะเสมอกันตามกฎหมาย ฐานันดรศักดิ์ โดยกำเนิดก็ดี โดยแต่งตั้งก็ดี หรือโดย ประการอื่นก็ดี ไม่กระทำให้เกิดเอกสิทธิอย่างใดเลย
const_2490a_s_22,const_2490a,interim,2490,1947,Constitution 2490 (interim),post_coup_1947,military,,3,สิทธิและหน้าที่ของชนชาวไทย,,,22,content,,,content,บุคคลย่อมมีเสรีภาพบริบูรณ์ในการถือศาสนา หรือลัทธินิยมใด ๆ และย่อมมีเสรีภาพในการปฏิบัติพิธีกรรม ตามความเชื่อถือของคน เมื่อไม่เป็นปฏิบัติษัทต่อหน้าที่ของพลเมือง และไม่เป็นการขัดต่อความสงบเรียบร้อยหรือศีลธรรมอันดีของประชาชน
const_2490a_s_23,const_2490a,interim,2490,1947,Constitution 2490 (interim),post_coup_1947,military,,3,สิทธิและหน้าที่ของชนชาวไทย,,,23,content,,,content,บุคคลย่อมมีเสรีภาพโดยบริบูรณ์ในร่างกายเคหะสถาน ทรัพย์สิน การพูด การเขียน การพิมพ์ การโฆษณา การศึกษาอบรม การชุมนุมสาธารณะ การตั้งสมาคม การอาชีพ ทั้งนี้ภายใต้บังคับแห่งตัวบทกฎหมาย
const_2490a_s_24,const_2490a,interim,2490,1947,Constitution 2490 (interim),post_coup_1947,military,,3,สิทธิและหน้าที่ของชนชาวไทย,,,24,content,,,content,บุคคลย่อมมีสิทธิเสนอเรื่องราวร้องทุกข์ภายในเงื่อนไขและวิธีการที่กฎหมายบัญญัติ
const_2490a_s_25,const_2490a,interim,2490,1947,Constitution 2490 (interim),post_coup_1947,military,,3,สิทธิและหน้าที่ของชนชาวไทย,,,25,content,,,content,บุคคลมีหน้าที่เคารพต่อกฎหมาย และมีหน้าที่ป้องกันประเทศ ช่วยเหลือราชการทางเสียภาษี และอนุญาตภายในเงื่อนไข และโดยวิธีการที่กฎหมายบัญญัติทั้งต้องมีการศึกษาและการอาชีพ
const_2490a_s_26,const_2490a,interim,2490,1947,Constitution 2490 (interim),post_coup_1947,military,,4,อำนาจนิติบัญญัติ,1,บททั่วไป,26,content,,,content,รัฐสภาประกอบด้วย วุฒิสภา และสภาผู้แทน ไม่ว่าจะประชุมแยกกันหรือร่วมกัน
const_2490a_s_27,const_2490a,interim,2490,1947,Constitution 2490 (interim),post_coup_1947,military,,4,อำนาจนิติบัญญัติ,1,บททั่วไป,27,content,,,content,ร่างพระราชบัญญัติทั้งหลายจะตราขึ้นเป็นกฎหมายได้ด้วยคำแนะนำและยินยอมของรัฐสภา
const_2490a_s_28,const_2490a,interim,2490,1947,Constitution 2490 (interim),post_coup_1947,military,,4,อำนาจนิติบัญญัติ,1,บททั่วไป,28,content,,,content,การตราพระราชบัญญัติขึ้น เป็น กฎหมายให้มีผลย้อนหลัง เป็นการลงโทษบุคคลในทางอาญา นั้นจะกระทำมิได้
const_2490a_s_29,const_2490a,interim,2490,1947,Constitution 2490 (interim),post_coup_1947,military,,4,อำนาจนิติบัญญัติ,1,บททั่วไป,29,content,,,content,ร่างพระราชบัญญัติซึ่งรัฐสภาได้ทำขึ้นเสร็จแล้ว ให้นายกรัฐมนตรีนำขึ้นทูลเกล้า ฯ ถวาย เพื่อพระมหาภัตริย์ทรงลงพระปรมาภิไธย และเมื่อได้ประกาศในราชกิจจานุเบกษาแล้ว ให้ใช้บังคับเป็นกฎหมายได้
const_2490a_s_30,const_2490a,interim,2490,1947,Constitution 2490 (interim),post_coup_1947,military,,4,อำนาจนิติบัญญัติ,1,บททั่วไป,30,content,,,content,ถ้าพระมหากษัตริย์ไม่ทรงเห็นชอบด้วยร่างพระราชบัญญัตินั้น จะได้พระราชทานคืนมายังรัฐสภา ภายในหนึ่งเดือน รัฐสภาจะต้องปรึกษากันใหม่ ถ้ารัฐสภาลงมติยืนยันตามเดิม ให้นายกรัฐมนตรีนำร่างพระราชบัญญัตินั้นขึ้นทูลเกล้า ฯ เพื่อถวายประกาศใช้ต่อไป
const_2490a_s_31,const_2490a,interim,2490,1947,Constitution 2490 (interim),post_coup_1947,military,,4,อำนาจนิติบัญญัติ,1,บททั่วไป,31,content,,,content,ร่างพระราชบัญญัติตั้งหัว นายจะเสนอมาจากคณะรัฐมนตรีหรือจากสมาชิกรัฐสภาก็ได้
const_2490a_s_32,const_2490a,interim,2490,1947,Constitution 2490 (interim),post_coup_1947,military,,4,อำนาจนิติบัญญัติ,1,บททั่วไป,32,content,,,content,บุคคลใดจะเป็นสมาชิกวุฒิสภา และสภาผู้แทนขณะเดียวกันไม่ได้
const_2490a_s_33,const_2490a,interim,2490,1947,Constitution 2490 (interim),post_coup_1947,military,,4,อำนาจนิติบัญญัติ,1,บททั่วไป,33,content,,,content,วุฒิสภาประกอบด้วยสมาชิกที่พระมหากษัตริย์ทรงเลือกตั้งมีจำนวนเท่าสมาชิกสภาผู้แทน
const_2490a_s_34,const_2490a,interim,2490,1947,Constitution 2490 (interim),post_coup_1947,military,,4,อำนาจนิติบัญญัติ,1,บททั่วไป,34,content,,,content,สมาชิกภาพแห่งวุฒิสภา มีกำหนดเวลาคราวละ 6 ปี จะเพาะเมื่อวาระเริ่มแรกเมื่อครบกำหนด 3 ปี ให้มีการเปลี่ยนสมาชิกกลิ่งหนึ่งโดยวิธีจับสลาก
const_2490a_s_35,const_2490a,interim,2490,1947,Constitution 2490 (interim),post_coup_1947,military,,4,อำนาจนิติบัญญัติ,1,บททั่วไป,35,content,,,content,สมาชิกภาพแห่งวุฒิสภาสุดสิ้นลงเมื่อ (1) ถึงคราวออกตามวาระ (2) ตาย (3) ลาออก
const_2490a_s_36,const_2490a,interim,2490,1947,Constitution 2490 (interim),post_coup_1947,military,,4,อำนาจนิติบัญญัติ,1,บททั่วไป,36,content,,,content,ในระหว่างที่สภาผู้แทนถูกยุบ ถ้าจำเป็นจะมีการประชุมวุฒิสภาก็ทำได้
const_2490a_s_37,const_2490a,interim,2490,1947,Constitution 2490 (interim),post_coup_1947,military,,4,อำนาจนิติบัญญัติ,2,สภาผู้แทน,37,content,,,content,สภาผู้แทนประกอบด้วยสมาชิกที่ราษฎรเลือกตั้งตามกฎหมายว่าด้วยการเลือกตั้งสมาชิกสภาผู้แทน สมาชิกสภาผู้แทน ต้องไม่เป็นข้าราชการประจำ การเลือกตั้งสมาชิกสภาผู้แทนให้ใช้วิธีเลือกตั้งออกเสียงโดยตรงและลับ
const_2490a_s_38,const_2490a,interim,2490,1947,Constitution 2490 (interim),post_coup_1947,military,,4,อำนาจนิติบัญญัติ,2,สภาผู้แทน,38,content,,,content,คุณสมบัติของผู้เลือกตั้งและผู้สมัครรับเลือกตั้ง ซึ่งทั้งหลักเกณฑ์และวิธีการเลือกตั้งและจำนวนสมาชิก ให้เป็นไปตามกฎหมายว่าด้วยการเลือกตั้งสมาชิกสภาผู้แทน และอย่างน้อยผู้สมัครรับเลือกตั้งต้องมีเชื้อชาติเป็นไทยและอายุไม่ต่ำกว่า 35 ปี
const_2490a_s_39,const_2490a,interim,2490,1947,Constitution 2490 (interim),post_coup_1947,military,,4,อำนาจนิติบัญญัติ,2,สภาผู้แทน,39,content,,,content,อายุของสภาผู้แทนมีกำหนดเวลาคราวละ 4 ปี ถ้าตำแหน่งสมาชิกว่างงานเพราะเหตุอื่น นอกจากถึงคราวออกตามอายุหรือยุบสภา ให้เลือกตั้งสมาชิกขึ้นแทนภายในกำหนดเวลาเก้าสิบวัน เว้นแต่อายุของสภาจะเหลือไม่ถึงหกเดือน และสมาชิกที่เข้ามาแทนนั้นย่อมอยู่ในตำแหน่งได้เพียงเท่ากำหนดเวลาของผู้ซึ่งตนแทน
const_2490a_s_40,const_2490a,interim,2490,1947,Constitution 2490 (interim),post_coup_1947,military,,4,อำนาจนิติบัญญัติ,2,สภาผู้แทน,40,content,,,content,พระมหากษัตริย์ทรงไว้ซึ่งพระราชอำนาจที่จะยุบสภาผู้แทนเพื่อให้ราษฎรเลือกตั้งสมาชิกมาใหม่ ในพระราชกฤษฎีกาให้ยุบสภา ต้องมีกำหนดเวลาให้เลือกตั้งสมาชิกใหม่ภายในเก้าสิบวัน การยุบสภาผู้แทนจะยุบได้ครั้งเดียวในเหตุการณ์เดียวกัน
const_2490a_s_41,const_2490a,interim,2490,1947,Constitution 2490 (interim),post_coup_1947,military,,4,อำนาจนิติบัญญัติ,2,สภาผู้แทน,41,content,,,content,สภาชิกภาพแห่งสภาผู้แทนสุดสิ้นลงเมื่อ (1) ถึงคราวออกตามอายุของสภาหรือยุบสภา (2) ตาย (3) ลาออก (4) ขาดคุณสมบัติตามกฎหมายว่าด้วยการเลือกตั้งสมาชิกสภาผู้แทน
const_2490a_s_42,const_2490a,interim,2490,1947,Constitution 2490 (interim),post_coup_1947,military,,4,อำนาจนิติบัญญัติ,3,บทที่ใช้แก่สภาทั้งสอง,42,content,,,content,สภาษิกสภาผู้แทนมีสิทธิเสนอญัตติขอเปิดอภิปรายทั่วไปเพื่อลงมติไม่ไว้วางใจคณะรัฐมนตรีรายตัวหรือทั้งคณะก็ได้ โดยมีสมาชิกรับรองไม่ต่ำกว่า 24 คน การลงมติในกรณีเช่นนี้มิให้กระทำในวันเดียวกันกับวันที่ปรึกษา
const_2490a_s_43,const_2490a,interim,2490,1947,Constitution 2490 (interim),post_coup_1947,military,,4,อำนาจนิติบัญญัติ,3,บทที่ใช้แก่สภาทั้งสอง,43,content,,,content,ก่อนเข้ารับหน้าที่ สมาชิกวุฒิสภาและสมาชิกสภาผู้แทนต้องปฏิญาณตนในที่ประชุมแห่งสภาที่ตนเป็นสมาชิกว่า จะรักษาไว้และปฏิบัติตามซึ่งรัฐธรรมนูญ
const_2490a_s_44,const_2490a,interim,2490,1947,Constitution 2490 (interim),post_coup_1947,military,,4,อำนาจนิติบัญญัติ,3,บทที่ใช้แก่สภาทั้งสอง,44,content,,,content,สมาชิกวุฒิสภาและสภาผู้แทนย่อมเป็นผู้แทนของปวงชนชาวไทย ไม่อยู่ในความผูกมัดแห่งอาณัติมอบหมายใด ๆ และต้องปฏิบัติหน้าที่ตามความเห็นของตนโดยบริสุทธิ์ใจ เพื่อประโยชน์ส่วนรวมของประชาชนชาวไทย
const_2490a_s_45,const_2490a,interim,2490,1947,Constitution 2490 (interim),post_coup_1947,military,,4,อำนาจนิติบัญญัติ,3,บทที่ใช้แก่สภาทั้งสอง,45,content,,,content,พระมหาคัติริย์ทรงตั้งสมาชิกวุฒิสภาและสมาชิกสภาผู้แทนตามมติของสภานั้น ๆ ให้เป็นประธานแห่งสภาคนหนึ่ง เป็นรองประธานคนหนึ่งหรือหลายคนก็ได้
const_2490a_s_46,const_2490a,interim,2490,1947,Constitution 2490 (interim),post_coup_1947,military,,4,อำนาจนิติบัญญัติ,3,บทที่ใช้แก่สภาทั้งสอง,46,content,,,content,ประธานวุฒิสภาและประธานสภาผู้แทนมีหน้าที่ดำเนินกิจการของสถานนั้น ๆ ให้เป็นไปตามระเบียบรองประธานมีหน้าที่กำกับการแทนประธานหรือประธานไม่ อยู่หรือไม่สามารถปฏิบัติหน้าที่ได้
const_2490a_s_47,const_2490a,interim,2490,1947,Constitution 2490 (interim),post_coup_1947,military,,4,อำนาจนิติบัญญัติ,3,บทที่ใช้แก่สภาทั้งสอง,47,content,,,content,ในเมื่อประธานและรองประธานวุฒิสภาหรือสภาผู้แทนไม่อยู่ในตัวประชุม ให้สมาชิกของสถานนั้น ๆ เลือกตั้งขึ้นเองเป็นประธานในการประชุมนั้น
const_2490a_s_48,const_2490a,interim,2490,1947,Constitution 2490 (interim),post_coup_1947,military,,4,อำนาจนิติบัญญัติ,3,บทที่ใช้แก่สภาทั้งสอง,48,content,,,content,การประชุมของวุฒิสภาก็ดี หรือของสภาผู้แทนก็ดี ทุกความต้องเสียภาษีตามประชุมไม่ต่างว่าหน้าในสามของจำนวนสมาชิกทั้งหมด จึงจะเป็นองค์ประชุมได้
const_2490a_s_49,const_2490a,interim,2490,1947,Constitution 2490 (interim),post_coup_1947,military,,4,อำนาจนิติบัญญัติ,3,บทที่ใช้แก่สภาทั้งสอง,49,content,,,content,การลงมติวินิจฉัยข้อปรึกษานั้น ให้ถือเอาเสียงข้างมากเป็นประมาณ เว้นแต่เรื่องซึ่งมีบทบัญญัติไว้เป็นพิเศษในรัฐธรรมนูญนี้ สมาชิกคนหนึ่งย่อมมีเสียงหนึ่งในการลงคะแนน ถ้ามีจำนวนเสียงละแทนเท่ากัน ให้ประธานในที่ประชุมออกเสียงเพิ่มขึ้นได้อีกเสียงหนึ่ง และเป็นเสียงชี้ขาด
const_2490a_s_50,const_2490a,interim,2490,1947,Constitution 2490 (interim),post_coup_1947,military,,4,อำนาจนิติบัญญัติ,3,บทที่ใช้แก่สภาทั้งสอง,50,content,,,content,ในที่ประชุมแห่งสภาสมาชิกผู้ใดจะกล่าวถ้อยคำใด ๆ ในทางแถลงข้อเท็จจริง หรือแสดงความคิดเห็นหรือออกเสียงลายณะแน่น ย่อมเป็นเอกสิทธิโดยเด็ดขาดผู้ใดจะนำไปเป็นเหตุฟ้องร้องว่ากล่าวสมาชิกผู้นั้นในทางใดมิได้ เอกสิทธินี้คุ้มครองไปถึงผู้พิมพ์โฆษณารายงานการประชุม โดยคำสั่งของสภา และคุ้มครองไปถึงผู้ที่สภาเชิญมาแถลงข้อเท็จจริง หรือแสดงความคิดเห็นในทประชุมด้วย
const_2490a_s_51,const_2490a,interim,2490,1947,Constitution 2490 (interim),post_coup_1947,military,,4,อำนาจนิติบัญญัติ,3,บทที่ใช้แก่สภาทั้งสอง,51,content,,,content,สมัยประชุม ขอวุฒิสภาและสภาผู้แทนย่อมเริ่มต้นและสุดสิ้นลงพร้อมกัน
const_2490a_s_52,const_2490a,interim,2490,1947,Constitution 2490 (interim),post_coup_1947,military,,4,อำนาจนิติบัญญัติ,3,บทที่ใช้แก่สภาทั้งสอง,52,content,,,content,ในปีหนึ่งมีสมัยประชุมของสภาทั้งสองสมัยหนึ่งหรือหลายสมัยแล้วแต่สภาผู้แทนจะกำหนด การประชุมครั้งแรกต้องกำหนดให้สมาชิกได้มาประชุมภายในสามสิบวัน นับแต่วันเลือกตั้ง วันเริ่มสมัยประชุมประจำปีให้สภาผู้แทนเป็นผู้กำหนด
const_2490a_s_53,const_2490a,interim,2490,1947,Constitution 2490 (interim),post_coup_1947,military,,4,อำนาจนิติบัญญัติ,3,บทที่ใช้แก่สภาทั้งสอง,53,content,,,content,สมัยประชุมสามัญสมัยหนึ่ง ๆ มีกำหนดเวลาเก้าสิบวัน แต่พระมหากษัตริย์จะโปรดเกล้าฯ ให้ขยายเวลาออกไป ก็ได้ อนึ่งในระหว่างเวลาเก้าสิบวันนั้นจะโปรดเกล้า ฯ ปิดประชุมก็ได้
const_2490a_s_54,const_2490a,interim,2490,1947,Constitution 2490 (interim),post_coup_1947,military,,4,อำนาจนิติบัญญัติ,3,บทที่ใช้แก่สภาทั้งสอง,54,content,,,content,พระมหากษัตริย์ทรงเรียกประชุมวุฒิสภา และสภาผู้แทนตามสมัยประชุม ทรงปิดและเปิดประชุม พิธีเปิดประชุมจะทรงพระกรุณาเสด็จดำเนิน มาทรงทำหรือจะโปรตเกล้า ฯ ให้รัชชทายาท ที่บรรลุนิติภาวะแล้ว หรือผู้ใดผู้หนึ่งกระทำพิธีแทนพระองค์ก็ได้
const_2490a_s_55,const_2490a,interim,2490,1947,Constitution 2490 (interim),post_coup_1947,military,,4,อำนาจนิติบัญญัติ,3,บทที่ใช้แก่สภาทั้งสอง,55,content,,,content,เมื่อเป็นการจำเป็นเพื่อประโยชน์ของแผ่นดิน พระมหากษัตริย์จะทรงเรียกประชุมวิสามัญแห่งสภาทั้งสองก็ได้
const_2490a_s_56,const_2490a,interim,2490,1947,Constitution 2490 (interim),post_coup_1947,military,,4,อำนาจนิติบัญญัติ,3,บทที่ใช้แก่สภาทั้งสอง,56,content,,,content,สมาชิกวุฒิสภาและสภาผู้แทนทั้งสองสภา หรือสมาชิกแต่ละสามีจำนวนไม่ต่ำกว่าหนึ่งในสามของสมาชิกของทั้งสองสภา มีสิทธิเข้าชื่อยืนร้องขอให้นำความกราบบังคมทูลขอให้ทรงเรียกประชุมวิสามัญแห่งสภาทั้งสองก็ได้ คำร้องขอดังกล่าวในวรรคก่อน ถ้าเป็นของสมาชิกแห่งสภาใด ก็ให้ยื่นต่อประธานสภา ถ้าเป็นของสมาชิกทั้งสองสภา ก็ให้ยื่นต่อประธานสภาของสภาที่มีสมาชิกเข้าชื่อมากกว่า ถ้ามีจำนวนเท่ากันให้ยื่นต่อประธานวุฒิสภา ให้ประธานแห่งสภาที่ได้รับคำร้อง ขอนำความกราบบังคมทูล และรับสนองพระบรมราชโองการ
const_2490a_s_57,const_2490a,interim,2490,1947,Constitution 2490 (interim),post_coup_1947,military,,4,อำนาจนิติบัญญัติ,3,บทที่ใช้แก่สภาทั้งสอง,57,content,,,content,ในระหว่างสมัยประชุม ผู้ใดจะฟ้องร้องสมาชิกวุฒิสภา หรือสมาชิกสภาผู้แทนในทางอาญา ศาล จะต้องได้รับอนุญาต จากสภาที่ผู้นั้นเป็นสมาชิกก่อน จึงจะพิจารณาได้ แต่การพิจารณาคดีนั้นต้องมิให้เป็นการขัดขวางต่อการที่สมาชิกผู้นั้นจะเข้ามาประชุม การพิจารณาคดีที่ศาลได้กระทำไปก่อนคำอ้างว่าจำเลย เป็นสมาชิกของสภาใดสภาหนึ่งนั้น ย่อมเป็นอันใช้ได้
const_2490a_s_58,const_2490a,interim,2490,1947,Constitution 2490 (interim),post_coup_1947,military,,4,อำนาจนิติบัญญัติ,3,บทที่ใช้แก่สภาทั้งสอง,58,content,,,content,ในระหว่างสมัยประชุม หากไม่ให้จับ หรือหมายเรียกตัวสมาชิกวุฒิสภาหรือสมาชิกสภาผู้แทนไป กักขัง เว้นแต่จับในขณะที่กระทำผิด แต่ต้องรีบรายงาน ไปยังประธานแห่งสภาที่ผู้นั้นเป็นสมาชิก ประธานแห่ง สภานั้นอาจสั่งปล่อยผู้ถูกจับให้ฟื้นจากการกักขังได้
const_2490a_s_59,const_2490a,interim,2490,1947,Constitution 2490 (interim),post_coup_1947,military,,4,อำนาจนิติบัญญัติ,3,บทที่ใช้แก่สภาทั้งสอง,59,content,,,content,ถ้าสมาชิกวุฒิสภาหรือสภาผู้แทนถูกกักขัง ในระหว่างสอบสวนหรือพิจารณาอยู่ก่อนสมัยประชุม เมื่อ ถึงสมัยประชุม พนักงานสอบสวนหรือศาล แล้วแต่กรณีต้อง สั่งปล่อย ถ้าหากสภาที่ผู้นั้นเป็นสมาชิกได้ร้องขอ คำสั่งปล่อยตามความในวรรคก่อนให้มีผลบังคับตั้งแต่ วันปล่อย จนถึงวันสุดท้ายแห่งการประชุม
const_2490a_s_60,const_2490a,interim,2490,1947,Constitution 2490 (interim),post_coup_1947,military,,4,อำนาจนิติบัญญัติ,3,บทที่ใช้แก่สภาทั้งสอง,60,content,,,content,ร่างพระราชบัญญัติให้เสนอต่อสภาผู้แทน ก่อน เมื่อสภาผู้แทนได้พิจารณาลงมติให้ใช้ได้แล้ว ให้นำ เสนอต่อวุฒิสภา ถ้าวุฒิสภาพิจารณาลงมติเห็นชอบด้วย โดยไม่แก้ไขแล้ว ก็ดำเนินการต่อไปตามความใน มาตรา 29 ถ้าหากวุฒิสภาลงมติไม่เห็นชอบด้วย ก็ให้ส่งร่าง พระราชบัญญัตินั้นกลับคืนมาให้สภาผู้แทนพิจารณาใหม่ ถ้า สภาผู้แทนลงมติเห็นชอบตามวุฒิสภาแล้วก็ให้ถือว่าร่างพระราชบัญญัตินั้นเป็นอันตกไป ถ้าวุฒิสภาลงมติให้แก้ไขเพิ่มเติม ก็ให้ส่งร่างพระราชบัญญัตินั้นกลับคืนมาให้สภาผู้แทนพิจารณาใหม่ ถ้าสภาผู้แทนลงมติเห็นชอบตามที่วุฒิสภาแก้ไขเพิ่มเติมมา ก็ให้ดำเนินการต่อไปตามความในมาตรา 29 ถ้าหากสภาผู้แทนลงมติยืนยันตามเดิมในร่างพระราชบัญญัติที่ส่งกลับคืนมา ตามความในวรรคสอง หรือ วรรคสาม ด้วยคะแนนเสียงมากกว่าครึ่งของสมาชิกทั้งหมดแล้ว ก็ให้ถือว่าร่างพระราชบัญญัตินี้เป็นอันได้รับความเห็นชอบจากรัฐสภา และให้ดำเนินการต่อไปตามความในมาตรา 29
const_2490a_s_61,const_2490a,interim,2490,1947,Constitution 2490 (interim),post_coup_1947,military,,4,อำนาจนิติบัญญัติ,3,บทที่ใช้แก่สภาทั้งสอง,61,content,,,content,ร่างพระราชบัญญัติเกี่ยวด้วยการเงินนั้นจะเสนอได้โดยคณะรัฐมนตรีหรือโดยสมาชิกรัฐสภาซึ่งมีนายกรัฐมนตรีรับรอง ร่างพระราชบัญญัติเกี่ยวด้วยการเงินหมายถึงร่างพระราชบัญญัติว่าด้วยข้อความต่อไปนี้ทั้งหมด หรือแต่ข้อใดข้อหนึ่ง กล่าวคือ การตั้งขึ้นหรือยกเลิก หรือลด หรือเปลี่ยนแปลง แก้ไข หรือผ่อน หรือวางระเบียบการบังคับ อันเกี่ยวแก่ การภาษีหรืออากร หรือว่าด้วยเงินตรา การจัดสรร รับ รักษา หรือจ่ายเงินแผ่นดิน หรือการกู้เงิน หรือการประกัน หรือการใช้เงินกู้ ในกรณีเป็นที่สงสัย ให้เป็นอำนาจของประธานสภา ผู้แทนที่จะวินิจฉัยว่าร่างพระราชบัญญัติใด เป็นร่างพระราช บัญญัติเกี่ยวด้วยการเงินหรือไม่
const_2490a_s_62,const_2490a,interim,2490,1947,Constitution 2490 (interim),post_coup_1947,military,,4,อำนาจนิติบัญญัติ,3,บทที่ใช้แก่สภาทั้งสอง,62,content,,,content,ร่างพระราชบัญญัติที่สภาผู้แทนได้ลงมติ ให้ใช้ได้ และได้เสนอไปยังวุฒิสภานั้น วุฒิสภาจะต้อง พิจารณาและลงมติภายในกำหนดสามสิบวัน แต่ถ้าร่าง พระราชบัญญัตินั้น เป็นร่างพระราชบัญญัติเกี่ยวด้วยการเงิน วุฒิสภาจะต้องพิจารณาและลงมติภายในกำหนด 15 วัน กำหนดวันดังกล่าวในวรรคก่อนให้หมายถึงวันในสมัย ประชุมและเริ่มนับตั้งแต่วันที่ร่างพระราชบัญญัตินั้นได้มาถึง วุฒิสภา ถ้าวุฒิสภาไม่ได้พิจารณาลงมติในร่างพระราชบัญญัติที่ สภาผู้แทนส่งมาภายในกำหนดเวลาที่กล่าวในวรรคแรก ก็ ให้ถือว่าวุฒิสภาได้ให้ความเห็นชอบในร่างพระราชบัญญัตินั้น
const_2490a_s_63,const_2490a,interim,2490,1947,Constitution 2490 (interim),post_coup_1947,military,,4,อำนาจนิติบัญญัติ,3,บทที่ใช้แก่สภาทั้งสอง,63,content,,,content,งบประมาณแผ่นดินประจำปี ต้องตราขึ้นเป็นพระราชบัญญัติ ถ้าพระราชบัญญัติออกไม่ทันปีใหม่ ให้ใช้พระราชบัญญัติปีก่อนนั้นไปพลาง
const_2490a_s_64,const_2490a,interim,2490,1947,Constitution 2490 (interim),post_coup_1947,military,,4,อำนาจนิติบัญญัติ,3,บทที่ใช้แก่สภาทั้งสอง,64,content,,,content,วุฒิสภาและสภาผู้แทน มีอำนาจควบคุมราชการแผ่นดิน โดยบทบัญญัติแห่งรัฐธรรมนูญนี้
const_2490a_s_65,const_2490a,interim,2490,1947,Constitution 2490 (interim),post_coup_1947,military,,4,อำนาจนิติบัญญัติ,3,บทที่ใช้แก่สภาทั้งสอง,65,content,,,content,ในที่ประชุมของวุฒิสภาหรือสภาผู้แทน สมาชิกทุกคนมีสิทธิตั้งกะทู้ถามรัฐมนตรีในข้อความใด อันเกี่ยวกับงานในหน้าที่ได้ แต่รัฐมนตรีย่อมมีสิทธิที่จะไม่ตอบได้ เมื่อเห็นว่าข้อความนั้นยังไม่ควรเปิดเผย เพราะเกี่ยวกับความปลอดภัยหรือประโยชน์ของแผ่นดิน
const_2490a_s_66,const_2490a,interim,2490,1947,Constitution 2490 (interim),post_coup_1947,military,,4,อำนาจนิติบัญญัติ,3,บทที่ใช้แก่สภาทั้งสอง,66,content,,,content,การประชุมวุฒิสภาและสภาผู้แทนย่อมเป็นการเปิดเผยตามลักษณะที่กำหนดไว้ในข้อบังคับของแต่ละสภา แต่ถ้าหากคณะรัฐมนตรีหรือสมาชิกของแต่ละสภาไม่ต่ำกว่า 25 คนร้องขอให้ประชุมลับ ก็ให้ประชุมลับ
const_2490a_s_67,const_2490a,interim,2490,1947,Constitution 2490 (interim),post_coup_1947,military,,4,อำนาจนิติบัญญัติ,3,บทที่ใช้แก่สภาทั้งสอง,67,content,,,content,วุฒิสภาและสภาผู้แทนมีอำนาจเลือกสมาชิกแห่งสภาตั้งเป็นคณะกรรมการธิการสามัญ และมีอำนาจเลือกบุคคลที่เป็นสมาชิกหรือมิได้เป็นสมาชิกในสภาก็ตาม เป็นคณะกรรมาธิการวิสามัญ เพื่อกระทำกิจการหรือพิจารณาสอบสวนข้อความใด อันอยู่ในวงงานของสภาแล้วรายงานต่อสภา คณะกรรมาธิการที่กล่าวนี้ ย่อมมีอำนาจเรียกบุคคลใดมาชี้แจงแสดงความเห็น ในเรื่องกิจการที่กระทำหรือพิจารณาอยู่นั้นได้ เอกสิทธิ์ที่บัญญัติไว้ในมาตรา 50 นั้น ให้คุ้มครองถึงบุคคลผู้ที่กระทำหน้าที่ตามมาตรานี้ด้วย
const_2490a_s_68,const_2490a,interim,2490,1947,Constitution 2490 (interim),post_coup_1947,military,,4,อำนาจนิติบัญญัติ,3,บทที่ใช้แก่สภาทั้งสอง,68,content,,,content,การประชุมคณะกรรมาธิการตามมาตรา 67 นั้น ต้องมีกรรมาธิการไม่ต่ำกว่าครึ่งจำนวนมาประชุม จึงเป็นองค์ประชุมได้
const_2490a_s_69,const_2490a,interim,2490,1947,Constitution 2490 (interim),post_coup_1947,military,,4,อำนาจนิติบัญญัติ,3,บทที่ใช้แก่สภาทั้งสอง,69,content,,,content,วุฒิสภาและสภาผู้แทนมีอำนาจตั้งข้อบังคับการประชุมและการปรึกษา ของสภาเพื่อดำเนินการตามบทบัญญัติแห่งรัฐธรรมนูญนี้
const_2490a_s_70,const_2490a,interim,2490,1947,Constitution 2490 (interim),post_coup_1947,military,,4,อำนาจนิติบัญญัติ,4,การประชุมร่วมกันของรัฐสภา,70,content,,,content,ในกรณีต่อไปนี้ ให้รัฐสภาประชุมร่วมกัน (1) การให้ความเห็นชอบในการสืบราชสมบัติ ตามความในมาตรา 12 (2) การปรึกษาร่างพระราชบัญญัติกันใหม่ตาม ความในมาตรา 30 (3) พิธีเปิดประชุมรัฐสภาตามความในมาตรา 54 (4) การลงมติความไว้ใจในคณะรัฐมนตรี ตาม ความในมาตรา 77 (5) การให้ความยินยอมในการประกาศสงคราม ตามความเห็นชอบในมาตรา 83 (6) การให้ความเห็นชอบแก่หนังสือสัญญาตาม ความในมาตรา 84 (7) การตีความในรัฐธรรมนูญตามความในมาตรา 94
const_2490a_s_71,const_2490a,interim,2490,1947,Constitution 2490 (interim),post_coup_1947,military,,4,อำนาจนิติบัญญัติ,4,การประชุมร่วมกันของรัฐสภา,71,content,,,content,ให้ประธานวุฒิสภาเป็นประธานของที่ร่วม ประชุมของรัฐสภา และให้ประธานสภาผู้แทนเป็นรอง ประธาน
const_2490a_s_72,const_2490a,interim,2490,1947,Constitution 2490 (interim),post_coup_1947,military,,4,อำนาจนิติบัญญัติ,4,การประชุมร่วมกันของรัฐสภา,72,content,,,content,ในการประชุมร่วมกันของรัฐสภา ให้ใช้ข้อ บังคับการประชุมและการปรึกษาของวุฒิสภาโดยอนุโลม
const_2490a_s_73,const_2490a,interim,2490,1947,Constitution 2490 (interim),post_coup_1947,military,,4,อำนาจนิติบัญญัติ,4,การประชุมร่วมกันของรัฐสภา,73,content,,,content,ในการประชุมร่วมกันของรัฐสภา ให้นำบท ที่ใช้แก่สภาทั้งสองมาใช้โดยอนุโลม
const_2490a_s_74,const_2490a,interim,2490,1947,Constitution 2490 (interim),post_coup_1947,military,,5,อำนาจบริหาร,,,74,content,,,content,พระมหากษัตริย์ทรงตั้งคณะรัฐมนตรีขึ้น คณะหนึ่ง ประกอบด้วยนายกรัฐมนตรีคนหนึ่ง และ รัฐมนตรีอย่างน้อยสิบห้าคน อย่างมากยี่สิบห้าคน ในการตั้งนายกรัฐมนตรี ประธานคณะอภิรัฐมนตรีเป็น ผู้ลงนามรับสนองพระบรมราชโองการ รัฐมนตรีต้องไม่เป็น ข้าราชการประจำ
const_2490a_s_75,const_2490a,interim,2490,1947,Constitution 2490 (interim),post_coup_1947,military,,5,อำนาจบริหาร,,,75,content,,,content,ให้คณะรัฐมนตรีมีอำนาจบริหารราชการ แผ่นดิน
const_2490a_s_76,const_2490a,interim,2490,1947,Constitution 2490 (interim),post_coup_1947,military,,5,อำนาจบริหาร,,,76,content,,,content,รัฐมนตรีผู้มิได้เป็นสมาชิกแห่งสภา ย่อม มีสิทธิไปประชุม และแถลงข้อเท็จจริงหรือแสดงความคิด เห็นในวุฒิสภาหรือในสภาผู้แทน หรือในที่ประชุมร่วมกัน ของรัฐสภาได้ แต่ไม่มีสิทธิออกเสียงลงคะแนน เอกสารสิทธิ์ที่บัญญัติไว้ในมาตรา 50 นั้น ให้นำมาใช้โดยอนุโลม
const_2490a_s_77,const_2490a,interim,2490,1947,Constitution 2490 (interim),post_coup_1947,military,,5,อำนาจบริหาร,,,77,content,,,content,ในการดำเนินนโยบายบริหารราชการแผ่นดิน คณะรัฐมนตรีต้องได้รับความไว้วางใจของรัฐสภา รัฐมนตรีผู้ได้รับการแต่งตั้งให้เป็นผู้ว่าการกระทรวง ต้องรับผิดชอบในหน้าที่ของตนต่อรัฐสภา ในทางรัฐธรรมนูญ และรัฐมนตรีทุกคนจะได้รับการแต่งตั้งให้ว่าการกระทรวงหรือไม่ก็ตาม ก็ต้องรับผิดชอบร่วมกันในนโยบายทั่วไปของคณะรัฐมนตรี นโยบายของคณะรัฐมนตรีแต่ละคณะที่ได้ดำเนินมา จะเสร็จลงหรือที่ดำเนินการอยู่เพียงใดก็ตาม คณะรัฐมนตรีผู้บริหารราชการแผ่นดินภายหลังจะเลิกล้มหรือแก้ไขให้เป็นอย่างอื่นมิได้ เว้นแต่จะเสนอขอรับพระบรมราชวินิจฉัยและได้รับพระบรมราชานุญาตแล้ว
const_2490a_s_78,const_2490a,interim,2490,1947,Constitution 2490 (interim),post_coup_1947,military,,5,อำนาจบริหาร,,,78,content,,,content,รัฐมนตรีทั้งคณะต้องออกจากตำแหน่ง เมื่อมีพระบรมราชโองการหรือเมื่อสภาผู้แทนลงมติไม่ไว้วางใจ : พฤศจิกายน - 490 ตามมาตรา 42 หรือรัฐสภาไม่ให้ความไว้วางใจตามมาตรา 77 หรือเมื่อสภาผู้แทนชุดที่มีส่วนให้ความไว้วางใจแก่คณะรัฐมนตรีในขณะเข้ารับหน้าที่นั้นสุดสิ้นลง ในกรณีดังกล่าว หลังนี้และกรณีที่คณะรัฐมนตรีลาออกจากตำแหน่งเอง คณะรัฐมนตรีที่ออกนั้นต้องอยู่ในตำแหน่งเพื่อดำเนินงานไปจนกว่าจะตั้งคณะรัฐมนตรีขึ้นใหม่
const_2490a_s_79,const_2490a,interim,2490,1947,Constitution 2490 (interim),post_coup_1947,military,,5,อำนาจบริหาร,,,79,content,,,content,ความเป็นรัฐมนตรีสุดสิ้นลงเฉพาะตัวโดย (1) โดยพระบรมราชโองการ (2) ตาย (3) ลาออก (4) ขาดคุณสมบัติตามความในมาตรา 81 (5) รัฐสภาลงมติไม่ไว้วางใจ.
const_2490a_s_80,const_2490a,interim,2490,1947,Constitution 2490 (interim),post_coup_1947,military,,5,อำนาจบริหาร,,,80,content,,,content,ในเหตุฉุกเฉินที่มีความจำเป็นรีบด่วนอันจะรักษาความปลอดภัยสาธารณะหรือป้องปัดภัยพิบัติสาธารณะ และจะเรียกประชุมรัฐสภาให้ทันท่วงทีมิได้ก็ดี หรือกรณีเช่นว่านั้นเกิดขึ้นในระหว่างสภาผู้แทนถูกยุบก็ดี พระมหากษัตริย์จะทรงตราพระราชกำหนดให้ใช้บังคับ ดังเช่นพระราชบัญญัติก็ได้ ในการประชุมรัฐสภาคราวต่อไป ให้นำพระราชกำหนดนั้นเสนอต่อรัฐสภาเพื่อทราบ
const_2490a_s_81,const_2490a,interim,2490,1947,Constitution 2490 (interim),post_coup_1947,military,,5,อำนาจบริหาร,,,81,content,,,content,ในระหว่างสมัยประชุม ถ้าคณะรัฐมนตรีเห็นว่าเร่งพระราชบัญญัติที่เกี่ยวกับการภาษีอากรหรือเงินตรา ฉะบับใด จะต้องได้รับพิจารณาโดยด่วนและลับเพื่อรักษาผลประโยชน์ของแผ่นดิน จะถวายคำแนะนำต่อพระมหากษัตริย์เพื่อตรา เป็นพระราชกำหนดให้ใช้ดังพระราชบัญญัติก็ได้
const_2490a_s_82,const_2490a,interim,2490,1947,Constitution 2490 (interim),post_coup_1947,military,,5,อำนาจบริหาร,,,82,content,,,content,พระมหากษัตริย์ทรงพระราชอำนาจในการประกาศใช้กฎอัยย การศึก
const_2490a_s_83,const_2490a,interim,2490,1947,Constitution 2490 (interim),post_coup_1947,military,,5,อำนาจบริหาร,,,83,content,,,content,พระมหากษัตริย์ทรงพระราชอำนาจในการประกาศสงครามเมื่อได้รับความยินยอมของรัฐสภา
const_2490a_s_84,const_2490a,interim,2490,1947,Constitution 2490 (interim),post_coup_1947,military,,5,อำนาจบริหาร,,,84,content,,,content,พระมหากษัตริย์ทรงพระราชอำนาจในการทำหนังสือสัญญาสงบศึก และทำหนังสือสัญญาอื่น ๆ กับนานาประเทศ
const_2490a_s_85,const_2490a,interim,2490,1947,Constitution 2490 (interim),post_coup_1947,military,,5,อำนาจบริหาร,,,85,content,,,content,พระมหากษัตริย์ทรงพระราชอำนาจในการ พระราชทานอภัยโทษ
const_2490a_s_86,const_2490a,interim,2490,1947,Constitution 2490 (interim),post_coup_1947,military,,5,อำนาจบริหาร,,,86,content,,,content,พระมหากษัตริย์ทรงพระราชอำนาจในการ ตราพระราชกฤษฎีกา
const_2490a_s_87,const_2490a,interim,2490,1947,Constitution 2490 (interim),post_coup_1947,military,,5,อำนาจบริหาร,,,87,content,,,content,ภายใต้บังคับแห่งมาตรา 56 และมาตรา 74 บทกฎหมาย พระราชหัตถเลขาและพระบรมราชโองการ ใดอันเกี่ยวกับราชการแผ่นดิน ต้องมีรัฐมนตรีคนหนึ่งลงนามรับสนองพระบรมราชโองการ
const_2490a_s_88,const_2490a,interim,2490,1947,Constitution 2490 (interim),post_coup_1947,military,,6,อำนาจตุลาการ,,,88,content,,,content,การพิจารณาพิพากษาอรรถคดีเป็นอำนาจ ของศาลโดยฉะเพาะ ซึ่งจะต้องดำเนินตาม กฎหมายและใน พระปรมาภิไธยพระมหากษัตริย์
const_2490a_s_89,const_2490a,interim,2490,1947,Constitution 2490 (interim),post_coup_1947,military,,6,อำนาจตุลาการ,,,89,content,,,content,บรรดาศาลทั้งหลายจักตั้งขึ้นได้ แต่โดย พระราชบัญญัติ
const_2490a_s_90,const_2490a,interim,2490,1947,Constitution 2490 (interim),post_coup_1947,military,,6,อำนาจตุลาการ,,,90,content,,,content,การตั้งศาลขึ้นใหม่ เพื่อพิจารณาพิพากษาคดีใดคดีหนึ่งหรือที่มีข้อหาฐานใดฐานหนึ่ง โดยฉะเพาะแทนศาลธรรมดาที่มีอยู่ตามกฎหมายสำหรับพิจารณาพิพากษาคดีนั้น จะกระทำมิได้
const_2490a_s_91,const_2490a,interim,2490,1947,Constitution 2490 (interim),post_coup_1947,military,,6,อำนาจตุลาการ,,,91,content,,,content,ผู้พิพากษาย่อมมีอิสสระในการพิจารณาพิพากษาออรรถคดีให้เป็นไปตามกฎหมาย
const_2490a_s_92,const_2490a,interim,2490,1947,Constitution 2490 (interim),post_coup_1947,military,,6,อำนาจตุลาการ,,,92,content,,,content,การแต่งตั้ง การเลื่อนตำแหน่ง การเลื่อนเงินเดือน การย้ายและการถอดถอนผู้พิพากษา จะต้องได้รับความเห็นชอบของพระมหากษัตริย์และของคณะกรรมการตุลาการ ตามกฎหมายว่าด้วยระเบียบข้าราชการฝ่ายตุลาการ
const_2490a_s_93,const_2490a,interim,2490,1947,Constitution 2490 (interim),post_coup_1947,military,,7,การแก้ไขเพิ่มเติมรัฐธรรมนูญ,,,93,content,,,content,รัฐธรรมนูญนี้แก้ไขเพิ่มเติมได้โดยความเห็นชอบของรัฐสภา
const_2490a_s_94,const_2490a,interim,2490,1947,Constitution 2490 (interim),post_coup_1947,military,,8,บทสุดท้าย,,,94,content,,,content,รัฐสภาทรงไว้ซึ่งสิทธิเด็ดขาดในการตีความแห่งรัฐธรรมนูญนี้ มติในการตีความแห่งรัฐธรรมนูญนี้ ต้องมีเสียงเห็นด้วยไม่ต่ำกว่าครึ่งหนึ่งของจำนวนสมาชิกทั้งสองสำหรับกัน
const_2490a_s_95,const_2490a,interim,2490,1947,Constitution 2490 (interim),post_coup_1947,military,,8,บทสุดท้าย,,,95,content,,,content,บทบัญญัติแห่งกฎหมายใดมีข้อความแย้งหรือขัดต่อรัฐธรรมนูญนี้ บทบัญญัตินั้นเป็นโมฆะ บทฉะเพาะกาล
const_2490a_s_96,const_2490a,interim,2490,1947,Constitution 2490 (interim),post_coup_1947,military,,8,บทสุดท้าย,,,96,content,,,content,ในวาระเริ่มแรก วุฒิสภาประกอบด้วยสมาชิกซึ่งพระมหากษัตริย์ทรงเลือกตั้ง ภายในกำหนด 5 วันนับตั้งแต่วันใช้รัฐธรรมนูญนี้ และถ้าจำเป็นจะทำการประชุมวุฒิสภาก็ได้ ซึ่งในกรณีนี้ให้วุฒิสภามีอำนาจตามบทบัญญัติแห่งรัฐธรรมนูญนี้จะสำเร็จเรียบร้อย
const_2490a_s_97,const_2490a,interim,2490,1947,Constitution 2490 (interim),post_coup_1947,military,,8,บทสุดท้าย,,,97,content,,,content,ในวาระเริ่มแรกให้ดำเนินการเลือกตั้งสมาชิกสภาผู้แทน โดยถือเกณฑ์จำนวนราษฎรสองแสนคน ต่อสมาชิกผู้แทนหนึ่งคน ถ้าเขตต์จังหวัดใดมีจำนวนราษฎรตามผลสำรวจสำมะโนครัวครั้งสุดท้ายเกินกว่าสองแสนคน ให้จังหวัดนั้นมีจำนวนสมาชิกผู้แทนเพิ่มขึ้นอีกหนึ่งคนต่อจำนวนราษฎรทุกสองแสนคน เศษของสองแสนคนถ้าถึงกึ่งหรือกว่าให้นับเป็นสองแสน และวิธีการเลือกตั้งให้ใช้วิธีรวมเขตต์จังหวัด คุณสมบัติของผู้เลือกตั้ง และผู้สมัครรับเลือกตั้ง อีกทั้งหลักเกณฑ์และวิธีการเลือกตั้ง ให้เป็นไปตามพระราชบัญญัติการเลือกตั้ง พ.ศ. 2475 แก้ไขเพิ่มเติมฉบับที่ 3 พุทธศักราช 2479 เท่าที่ไม่ขัดกับวิธีเลือกตั้งรวมเขตต์ และให้ยกเว้นการห้ามตามมาตรา 11 ของรัฐธรรมนูญแห่งราชอาณาจักรไทย พุทธศักราช 2475
const_2490a_s_98,const_2490a,interim,2490,1947,Constitution 2490 (interim),post_coup_1947,military,,8,บทสุดท้าย,,,98,content,,,content,ให้ดำเนินการเลือกตั้งสมาชิกสภาผู้แทนตามความในมาตรา 97 ให้เสร็จสิ้นลงภายในกำหนดเก้าสิบวัน นับแต่วันใช้รัฐธรรมนูญนี้. ประกาศ ณ วันที่ 9 พฤศจิกายน พุทธศักราช 2490 ผู้รับสนองพระบรมราชโองการ จอมพล ป. พิบูลสงคราม ผู้บัญชาการทหารแห่งประเทศไทย 9 พฤศจิกายน 2490
