year_th,theme,theme_score
2475,ตุลาการ,4.466217071577052
2475,ท้องถิ่น,0.35822664835512324
2475,นิติบัญญัติ,19.964099667826833
2475,บริหาร,9.22757911905076
2475,พรรคการเมืองและการเลือกตั้ง,5.73015873015873
2475,สถาบันพระมหากษัตริย์,16.53481532218454
2475,สิทธิ-เสรีภาพ-หน้าที่,6.284284329368059
2475,แนวนโยบายแห่งรัฐ,5.434619111478903
2482,การคลังและงบประมาณ,0.2852321594263959
2482,จริยธรรมทางการเมือง,0.4641090800797899
2482,ทั่วไป/โครงสร้าง,0.25065876049381414
2482,บริหาร,1.3374949447730136
2482,สถาบันพระมหากษัตริย์,0.31562240126259566
2482,แนวนโยบายแห่งรัฐ,0.3468826539643909
2483,การคลังและงบประมาณ,0.2852321594263959
2483,จริยธรรมทางการเมือง,0.4641090800797899
2483,ทั่วไป/โครงสร้าง,0.25065876049381414
2483,นิติบัญญัติ,0.2631578947368421
2483,บริหาร,0.2631578947368421
2483,พรรคการเมืองและการเลือกตั้ง,0.2105263157894737
2483,สถาบันพระมหากษัตริย์,0.7585377721957809
2483,แนวนโยบายแห่งรัฐ,0.5046201225410611
2485,บริหาร,0.5555555555555556
2485,พรรคการเมืองและการเลือกตั้ง,1.4444444444444444
2485,สถาบันพระมหากษัตริย์,0.585523195668378
2485,แนวนโยบายแห่งรัฐ,0.41447680433162204
2489,การมีส่วนร่วมทางการเมือง,0.531758648958889
2489,จริยธรรมทางการเมือง,0.9916520318320128
2489,ตรวจสอบอำนาจรัฐ/ต้านทุจริต,1.0
2489,ตุลาการ,8.200522298206801
2489,ทั่วไป/โครงสร้าง,0.44360583458339153
2489,ท้องถิ่น,0.27396012601620134
2489,นิติบัญญัติ,20.494822381728923
2489,บริหาร,13.733841517710212
2489,พรรคการเมืองและการเลือกตั้ง,13.81421502474134
2489,สถาบันพระมหากษัตริย์,19.087345437618257
2489,สิทธิ-เสรีภาพ-หน้าที่,10.558126352208795
2489,แนวนโยบายแห่งรัฐ,6.8701503463951745
2490,ตรวจสอบอำนาจรัฐ/ต้านทุจริต,1.4444444444444444
2490,ตุลาการ,4.659069858788376
2490,ท้องถิ่น,0.33639630131693193
2490,นิติบัญญัติ,33.28720624905675
2490,บริหาร,14.571977139564796
2490,พรรคการเมืองและการเลือกตั้ง,8.904761904761905
2490,สถาบันพระมหากษัตริย์,25.04680422757713
2490,สิทธิ-เสรีภาพ-หน้าที่,7.329695377611159
2490,แนวนโยบายแห่งรัฐ,5.419644496878509
2491,นิติบัญญัติ,1.704623878536922
2491,บริหาร,2.217391304347826
2491,พรรคการเมืองและการเลือกตั้ง,1.904071773636991
2491,สถาบันพระมหากษัตริย์,0.4907417747635098
2491,สิทธิ-เสรีภาพ-หน้าที่,0.1739130434782609
2491,อื่น ๆ (emergent),1.0
2491,แนวนโยบายแห่งรัฐ,0.5092582252364901
2492,การคลังและงบประมาณ,1.2240203345689495
2492,การมีส่วนร่วมทางการเมือง,1.6025641025641024
2492,จริยธรรมทางการเมือง,3.5133875197053115
2492,ตรวจสอบอำนาจรัฐ/ต้านทุจริต,2.777777777777778
2492,ตุลาการ,11.086287376092002
2492,ทั่วไป/โครงสร้าง,2.269396568081651
2492,ท้องถิ่น,0.4369423371895753
2492,นิติบัญญัติ,49.80800105791356
2492,บริหาร,16.841936988339082
2492,ปฏิรูปประเทศ,1.0
2492,พรรคการเมืองและการเลือกตั้ง,16.520123119951496
2492,สถาบันพระมหากษัตริย์,36.223062054797765
2492,สิทธิ-เสรีภาพ-หน้าที่,23.602853676218704
2492,องค์กรอิสระ/องค์กรตามรัฐธรรมนูญ,0.9931955776440878
2492,อื่น ๆ (emergent),1.0
2492,แนวนโยบายแห่งรัฐ,19.10045150915594
2495,ตรวจสอบอำนาจรัฐ/ต้านทุจริต,1.546218487394958
2495,ตุลาการ,1.9977988561592501
2495,ท้องถิ่น,0.8313726072868355
2495,นิติบัญญัติ,7.551679565106675
2495,บริหาร,5.657497714416689
2495,พรรคการเมืองและการเลือกตั้ง,5.057029926595145
2495,สถาบันพระมหากษัตริย์,1.957177357443949
2495,สิทธิ-เสรีภาพ-หน้าที่,1.8159392462881065
2495,อื่น ๆ (emergent),3.0
2495,แนวนโยบายแห่งรัฐ,7.585286239308393
2502,ตุลาการ,1.0579666795441793
2502,นิติบัญญัติ,2.1898027614037647
2502,บริหาร,5.426315789473684
2502,สถาบันพระมหากษัตริย์,8.192165629209404
2502,สิทธิ-เสรีภาพ-หน้าที่,0.942608287519062
2502,แนวนโยบายแห่งรัฐ,2.1911408528499057
2511,การคลังและงบประมาณ,1.6673030021986461
2511,การมีส่วนร่วมทางการเมือง,1.9406402708616537
2511,จริยธรรมทางการเมือง,3.5207475988550803
2511,ตรวจสอบอำนาจรัฐ/ต้านทุจริต,4.857623356235045
2511,ตุลาการ,9.837165594611989
2511,ทั่วไป/โครงสร้าง,1.3565347932685843
2511,ท้องถิ่น,1.8720408003864493
2511,นิติบัญญัติ,53.99755377962235
2511,บริหาร,13.964777201553046
2511,ปฏิรูปประเทศ,1.0
2511,พรรคการเมืองและการเลือกตั้ง,11.783859383687759
2511,สถาบันพระมหากษัตริย์,34.86373770205208
2511,สิทธิ-เสรีภาพ-หน้าที่,23.03954311632588
2511,องค์กรอิสระ/องค์กรตามรัฐธรรมนูญ,0.6558166984887928
2511,แนวนโยบายแห่งรัฐ,18.64265670185265
2515,ตุลาการ,2.6603979819690897
2515,บริหาร,9.762792229888309
2515,สถาบันพระมหากษัตริย์,9.222275333809817
2515,สิทธิ-เสรีภาพ-หน้าที่,1.0332982936909736
2515,แนวนโยบายแห่งรัฐ,0.3212361606418112
2517,การคลังและงบประมาณ,4.65426175432663
2517,การมีส่วนร่วมทางการเมือง,1.987179487179487
2517,จริยธรรมทางการเมือง,3.9819832587737345
2517,ตรวจสอบอำนาจรัฐ/ต้านทุจริต,0.7415458937198068
2517,ตุลาการ,15.587876591981432
2517,ทั่วไป/โครงสร้าง,1.71101979250612
2517,ท้องถิ่น,7.886082691410778
2517,นิติบัญญัติ,70.5545531416313
2517,บริหาร,17.89448423853866
2517,พรรคการเมืองและการเลือกตั้ง,8.97130372001393
2517,สถาบันพระมหากษัตริย์,36.34001412938374
2517,สิทธิ-เสรีภาพ-หน้าที่,29.813238991059315
2517,องค์กรอิสระ/องค์กรตามรัฐธรรมนูญ,1.172847432132156
2517,แนวนโยบายแห่งรัฐ,36.70360887734291
2518,นิติบัญญัติ,0.8333333333333333
2518,บริหาร,2.333333333333333
2518,สถาบันพระมหากษัตริย์,1.3240751080968431
2518,แนวนโยบายแห่งรัฐ,0.5092582252364901
2519,ตุลาการ,1.636726275262335
2519,นิติบัญญัติ,0.7894736842105263
2519,บริหาร,11.052372360823464
2519,พรรคการเมืองและการเลือกตั้ง,0.2105263157894737
2519,สถาบันพระมหากษัตริย์,11.190305826666078
2519,สิทธิ-เสรีภาพ-หน้าที่,2.8291337955991067
2519,แนวนโยบายแห่งรัฐ,1.2914617416490155
2520,ตุลาการ,1.25
2520,ท้องถิ่น,0.296166772716961
2520,นิติบัญญัติ,0.8261528120528255
2520,บริหาร,13.510222225860778
2520,พรรคการเมืองและการเลือกตั้ง,2.2857142857142856
2520,สถาบันพระมหากษัตริย์,10.44047619047619
2520,สิทธิ-เสรีภาพ-หน้าที่,0.8214053647153308
2520,อื่น ๆ (emergent),1.0
2520,แนวนโยบายแห่งรัฐ,1.5698623484636294
2521,การคลังและงบประมาณ,3.010148198406561
2521,จริยธรรมทางการเมือง,2.2269609568711752
2521,ตรวจสอบอำนาจรัฐ/ต้านทุจริต,0.4444444444444445
2521,ตุลาการ,16.880157596276426
2521,ทั่วไป/โครงสร้าง,2.45621464041067
2521,ท้องถิ่น,5.559967199507349
2521,นิติบัญญัติ,63.375332514130044
2521,บริหาร,18.638150936758976
2521,พรรคการเมืองและการเลือกตั้ง,8.387100396851306
2521,สถาบันพระมหากษัตริย์,32.839189279515026
2521,สิทธิ-เสรีภาพ-หน้าที่,24.925004495449386
2521,องค์กรอิสระ/องค์กรตามรัฐธรรมนูญ,0.306676204311594
2521,อื่น ๆ (emergent),1.0
2521,แนวนโยบายแห่งรัฐ,25.950653137067043
2528,นิติบัญญัติ,1.852869352869353
2528,บริหาร,1.3571428571428572
2528,พรรคการเมืองและการเลือกตั้ง,1.4822954822954824
2528,สถาบันพระมหากษัตริย์,0.4907417747635098
2528,สิทธิ-เสรีภาพ-หน้าที่,0.3076923076923077
2528,แนวนโยบายแห่งรัฐ,0.5092582252364901
2532,นิติบัญญัติ,1.75
2532,บริหาร,0.25
2532,พรรคการเมืองและการเลือกตั้ง,1.0
2532,อื่น ๆ (emergent),1.0
2534,การคลังและงบประมาณ,2.996776963424872
2534,จริยธรรมทางการเมือง,4.906493016392088
2534,ตรวจสอบอำนาจรัฐ/ต้านทุจริต,1.0916030534351144
2534,ตุลาการ,16.189323433923782
2534,ทั่วไป/โครงสร้าง,2.4518248575390644
2534,ท้องถิ่น,6.263760495123402
2534,นิติบัญญัติ,69.39893527917218
2534,บริหาร,32.25377468506434
2534,พรรคการเมืองและการเลือกตั้ง,11.487836974538345
2534,สถาบันพระมหากษัตริย์,43.95431437310217
2534,สิทธิ-เสรีภาพ-หน้าที่,28.53720658022471
2534,องค์กรอิสระ/องค์กรตามรัฐธรรมนูญ,2.6449051626439757
2534,แนวนโยบายแห่งรัฐ,33.823245125415944
2535,นิติบัญญัติ,4.075
2535,บริหาร,1.5583333333333333
2535,พรรคการเมืองและการเลือกตั้ง,0.16666666666666669
2535,สถาบันพระมหากษัตริย์,2.052334053192519
2535,อื่น ๆ (emergent),4.0
2535,แนวนโยบายแห่งรัฐ,2.147665946807481
2538,การคลังและงบประมาณ,3.3107094062206746
2538,จริยธรรมทางการเมือง,5.322876399211336
2538,ตรวจสอบอำนาจรัฐ/ต้านทุจริต,0.5266362252663623
2538,ตุลาการ,15.429360910573363
2538,ทั่วไป/โครงสร้าง,1.6387764952512556
2538,ท้องถิ่น,7.063369046339341
2538,นิติบัญญัติ,62.27233944719505
2538,บริหาร,16.101443135505903
2538,พรรคการเมืองและการเลือกตั้ง,8.561460563967401
2538,สถาบันพระมหากษัตริย์,16.592875364202424
2538,สิทธิ-เสรีภาพ-หน้าที่,26.88690509130616
2538,องค์กรอิสระ/องค์กรตามรัฐธรรมนูญ,1.8526376993167342
2538,อื่น ๆ (emergent),1.0
2538,แนวนโยบายแห่งรัฐ,32.44061021564399
2539,การมีส่วนร่วมทางการเมือง,0.35714285714285715
2539,นิติบัญญัติ,0.35714285714285715
2539,บริหาร,0.7142857142857143
2539,พรรคการเมืองและการเลือกตั้ง,1.5714285714285716
2539,สถาบันพระมหากษัตริย์,0.47351059275141666
2539,อื่น ๆ (emergent),2.0
2539,แนวนโยบายแห่งรัฐ,0.5264894072485833
2540,การคลังและงบประมาณ,3.4461318381801265
2540,การมีส่วนร่วมทางการเมือง,1.182403246459647
2540,จริยธรรมทางการเมือง,2.0994579945799456
2540,ตรวจสอบอำนาจรัฐ/ต้านทุจริต,10.455927731446726
2540,ตุลาการ,43.48876538309241
2540,ท้องถิ่น,20.375511915788007
2540,นิติบัญญัติ,91.93918989339558
2540,บริหาร,29.681718192212895
2540,พรรคการเมืองและการเลือกตั้ง,16.67266964685472
2540,สถาบันพระมหากษัตริย์,36.59638794129647
2540,สิทธิ-เสรีภาพ-หน้าที่,39.56845775537396
2540,แนวนโยบายแห่งรัฐ,40.493378461319516
2548,การคลังและงบประมาณ,0.15789473684210528
2548,ตุลาการ,0.15789473684210528
2548,นิติบัญญัติ,0.8157894736842106
2548,บริหาร,1.6578947368421053
2548,สถาบันพระมหากษัตริย์,0.4907417747635098
2548,แนวนโยบายแห่งรัฐ,0.7197845410259638
2549,การคลังและงบประมาณ,0.3333333333333333
2549,การมีส่วนร่วมทางการเมือง,5.069233671759263
2549,ตุลาการ,2.9471012268432872
2549,นิติบัญญัติ,3.955495538400297
2549,บริหาร,11.85833571398376
2549,พรรคการเมืองและการเลือกตั้ง,0.5934065934065935
2549,สถาบันพระมหากษัตริย์,7.713815789473684
2549,สิทธิ-เสรีภาพ-หน้าที่,4.4589036694299855
2549,อื่น ๆ (emergent),1.0
2549,แนวนโยบายแห่งรัฐ,1.0703744633697976
2550,การคลังและงบประมาณ,5.373122478645823
2550,การมีส่วนร่วมทางการเมือง,1.3507550252405862
2550,จริยธรรมทางการเมือง,7.841447353311816
2550,ตรวจสอบอำนาจรัฐ/ต้านทุจริต,9.603145316387007
2550,ตุลาการ,35.89233276345978
2550,ทั่วไป/โครงสร้าง,0.2810391632666451
2550,ท้องถิ่น,16.415814319436613
2550,นิติบัญญัติ,81.80335383453848
2550,บริหาร,34.714525952992624
2550,พรรคการเมืองและการเลือกตั้ง,14.086690466434426
2550,สถาบันพระมหากษัตริย์,35.460576827468905
2550,สิทธิ-เสรีภาพ-หน้าที่,36.7534964261813
2550,แนวนโยบายแห่งรัฐ,29.423700072635995
2554,ตุลาการ,0.20833333333333334
2554,นิติบัญญัติ,4.869829325264108
2554,บริหาร,0.8344202898550726
2554,พรรคการเมืองและการเลือกตั้ง,2.5651112172851307
2554,สถาบันพระมหากษัตริย์,1.1898168828603528
2554,สิทธิ-เสรีภาพ-หน้าที่,0.6965811965811965
2554,อื่น ๆ (emergent),2.0
2554,แนวนโยบายแห่งรัฐ,3.6359077548208063
2557,การคลังและงบประมาณ,0.16666666666666666
2557,การมีส่วนร่วมทางการเมือง,0.3467786793190341
2557,จริยธรรมทางการเมือง,0.21978021978021978
2557,ตรวจสอบอำนาจรัฐ/ต้านทุจริต,2.7716988942550618
2557,ตุลาการ,4.805474583234471
2557,ท้องถิ่น,0.6704119850187266
2557,นิติบัญญัติ,3.3206188430051364
2557,บริหาร,16.856039371609192
2557,พรรคการเมืองและการเลือกตั้ง,0.4112779057953012
2557,สถาบันพระมหากษัตริย์,10.839473684210526
2557,สิทธิ-เสรีภาพ-หน้าที่,4.5063159907801635
2557,แนวนโยบายแห่งรัฐ,3.085463176325502
2560,การคลังและงบประมาณ,5.461901481984816
2560,การมีส่วนร่วมทางการเมือง,1.6292227707758042
2560,จริยธรรมทางการเมือง,8.127949306284526
2560,ตรวจสอบอำนาจรัฐ/ต้านทุจริต,5.5641024938927615
2560,ตุลาการ,31.301466031791044
2560,ท้องถิ่น,8.361679426281123
2560,นิติบัญญัติ,62.87378045943782
2560,บริหาร,33.92477182531743
2560,พรรคการเมืองและการเลือกตั้ง,14.323975096495806
2560,สถาบันพระมหากษัตริย์,30.974814036910114
2560,สิทธิ-เสรีภาพ-หน้าที่,28.16451827075368
2560,แนวนโยบายแห่งรัฐ,39.29181880007508
2564,นิติบัญญัติ,2.1922390849317606
2564,บริหาร,0.2777777777777778
2564,พรรคการเมืองและการเลือกตั้ง,1.5555555555555556
2564,สถาบันพระมหากษัตริย์,0.36602731884323897
2564,สิทธิ-เสรีภาพ-หน้าที่,0.22222222222222224
2564,อื่น ๆ (emergent),1.0
2564,แนวนโยบายแห่งรัฐ,0.38617804066944494
