Topic,Words,Frequency,Timestamp,year_ce,year_th,Name
1,"เคารพ, ช่วยเหลือ, เงื่อนไข, ภาษี, ป้องกัน",1,1932-01-01,1932,2475,สิทธิทางกฎหมาย/วิธีพิจารณา
2,"เต็ม, สภาชิก, ว่าง, ตำแหน่ง, แทน",2,1932-01-01,1932,2475,ตำแหน่งว่าง/แต่งตั้งแทน
6,"สยาม, ประเภท, ธรรมนูญ, จบ, ราษฎร",2,1932-01-01,1932,2475,6_สนอง_ประเภท_ธรรมนูญ_พระบรมราชโองการ
7,"สยาม, จอมทัพ, แบ่งแยก, กำเนิด, ดำรง",3,1932-01-01,1932,2475,พระราชสถานะ/จอมทัพ
8,"เสื่อมเสีย, ประพฤติ, จอมทัพ, เคารพ, ละเมิด",1,1932-01-01,1932,2475,คุณสมบัติต้องห้าม/พ้นตำแหน่ง
9,"ไซร้, ประทับ, ชั่วคราว, ปรึกษา, ราชอาณาจักร",1,1932-01-01,1932,2475,การสืบราชสมบัติ
13,"เสียง, พิเศษ, ชี้ขาด, ปรึกษา, คะแนน",1,1932-01-01,1932,2475,การตีความ/รัฐสภาสองสภา
14,"อัยย, ศึก, พระราชอำนาจ, อภัยโทษ, กฎ",3,1932-01-01,1932,2475,พระราชอำนาจ/พระราชกฤษฎีกา
16,"รับผิดชอบ, รัฐบาล, ไว้ใจ, นโยบาย, รัฐมนตรี",1,1932-01-01,1932,2475,งบประมาณ/การคลัง
18,"เอกสิทธิ์, ข้อความ, คุมขัง, คุ้มครอง, ถ้อยคำ",2,1932-01-01,1932,2475,เอกสิทธิ์การประชุมสภา
20,"ทูลเกล้า, พระราชทาน, ถวาย, ไซร้, เดือน",2,1932-01-01,1932,2475,ร่างพระราชบัญญัติ/งบประมาณ
21,"อ้าง, ขัดขวาง, พระราชทาน, พระปรมาภิไธย, รีบ",2,1932-01-01,1932,2475,สอบสวน/ปล่อยตัว
24,"ใจ, ไว้ใจ, ที่ปรึกษา, ตัว, ญัตติ",1,1932-01-01,1932,2475,อภิปรายไม่ไว้วางใจ
25,"ต่ำ, ประชุม, ร้องขอ, องค์, อภิปราย",3,1932-01-01,1932,2475,ประชุมลับ
26,"ชำนาญ, พิเศษ, รู้, เลือก, ประชุม",1,1932-01-01,1932,2475,คณะปฏิวัติ/รัฐประหาร
27,"สี่, นายก, รัฐมนตรี, ยี่, รับสนอง",1,1932-01-01,1932,2475,ครม./นายกรัฐมนตรี
30,"เลือกตั้ง, คุณสมบัติ, สมัคร, วิธี, จำนวน",1,1932-01-01,1932,2475,30_สภาผู้แทน_เท่าเทียม_เสมอ_ศิลปะ
36,"กิจการ, ประธาน, รอง, ดำเนิน, สภา",1,1932-01-01,1932,2475,ประธาน/รองประธานสภา
37,"ไซร้, ฉะเพาะ, ประเภท, ประธาน, ยุบ",1,1932-01-01,1932,2475,37_ตุลาการ_แต่งตั้ง_เลือกตั้ง_ดำเนิน
38,"ยุบ, พระราชกฤษฎีกา, เก้า, พระราชอำนาจ, ราษฎร",1,1932-01-01,1932,2475,พระราชอำนาจ/พระราชกฤษฎีกา
39,"รอง, สภา, มติ, พระมหากษัตริย์, ประธาน",1,1932-01-01,1932,2475,ประธาน/รองประธานสภา
44,"สภาชิก, ประชุม, ปฏิญาณ, รอง, ราษฎร",3,1932-01-01,1932,2475,ถวายสัตย์ปฏิญาณ
45,"ต่ำ, ประชุม, สี่, มติ, เสียง",1,1932-01-01,1932,2475,ลงคะแนน/ประชามติ
50,"พระราชหัตถเลขา, พระบรมราชโองการ, รับผิดชอบ, รับสนอง, สื่อสาร",1,1932-01-01,1932,2475,50_พระราชหัตถเลขา_พระบรมราชโองการ_นาม_รับสนอง
54,"ปรึกษา, ดำเนิน, อำนาจ, ข้อ, เขต",1,1932-01-01,1932,2475,54_เรียบร้อย_ปรึกษา_อภิปราย_กรรมาธิการ
58,"ปฏิญาณ, ข้อความ, การงาน, ตอบ, กระทู้",1,1932-01-01,1932,2475,58_ถาม_ตอบ_กระทู้_เรื่อง
59,"นิติบัญญัติ, แนะนำ, ยินยอม, อำนาจ, ถาม",1,1932-01-01,1932,2475,59_แนะนำ_พระราชอำนาจ_นิติบัญญัติ_อำนาจ
60,"สมาคม, แนะนำ, ร่างกาย, เคหสถาน, อาชีพ",1,1932-01-01,1932,2475,60_เสรีภาพ_คุ้มครอง_สิทธิ_อาชีพ
65,"พระราชกำหนด, อนุมัติ, อาณาจักรไทย, ชั่วคราว, ราช",1,1932-01-01,1932,2475,65_อนุมัติ_พระราชกำหนด_สาธารณะ_ปัด
68,"กราบบังคมทูล, สนอง, วิสามัญ, ต่ำ, ร้อง",1,1932-01-01,1932,2475,68_กราบบังคมทูล_พระบรมราชโองการ_วิสามัญ_ยื่น
69,"กราบบังคมทูล, พระบรมราชโองการ, วิสามัญ, ยื่น, ร้อง",1,1932-01-01,1932,2475,69_ถัด_ราชกิจจานุเบกษา_ชอบ_รัฐสภา
71,"สยาม, อธิปไตย, อรรถคดี, ประมุข, ชน",1,1932-01-01,1932,2475,อำนาจอธิปไตย/ประมุข
73,"นัย, สืบราชสมบัติ, ราชสันตติวงศ์, สืบ, ตรา",1,1932-01-01,1932,2475,การสืบราชสมบัติ
75,"อำนาจ, พระมหากษัตริย์, เดือน, ศาล, ประจำ",2,1932-01-01,1932,2475,75_อำนาจ_พระมหากษัตริย์_อำนาจบ_นิติบัญญัติ
6,"พิบูลสงคราม, สยาม, ประเทศไทย, สนอง, นาม",1,1939-01-01,1939,2482,6_สนอง_ประเภท_ธรรมนูญ_พระบรมราชโองการ
48,"ราชกิจจานุเบกษา, สั่ง, รักษาความ, สงบแห่ง, หัวหน้า",1,1939-01-01,1939,2482,การร้องเรียน/ทุกข์
64,"นาม, ประเทศ, ศึกษา, อบรม, สถาน",1,1939-01-01,1939,2482,64_อาณาจักรไทย_ชั่วคราว_ราช_กาล
6,"ประเภท, พิบูลสงคราม, กาล, ฉะเพาะ, ธรรมนูญ",1,1940-01-01,1940,2483,6_สนอง_ประเภท_ธรรมนูญ_พระบรมราชโองการ
48,"ราชกิจจานุเบกษา, สั่ง, รักษาความ, สงบแห่ง, หัวหน้า",1,1940-01-01,1940,2483,การร้องเรียน/ทุกข์
64,"กาล, ฉะเพาะ, ศึกษา, อบรม, สถาน",1,1940-01-01,1940,2483,64_อาณาจักรไทย_ชั่วคราว_ราช_กาล
6,"รัถธัมนูญ, ราสดร, ราชกิจจา, สภาผู้แทน, วินิจฉัย",2,1942-01-01,1942,2485,6_สนอง_ประเภท_ธรรมนูญ_พระบรมราชโองการ
1,"อธิบาย, เงื่อนไข, ภาษี, ป้องกัน, ราชอาณาจักร",1,1946-01-01,1946,2489,สิทธิทางกฎหมาย/วิธีพิจารณา
2,"พฤฒสภา, แทน, เวลา, อายุ, วิธี",2,1946-01-01,1946,2489,ตำแหน่งว่าง/แต่งตั้งแทน
3,"ศาล, คณะตุลาการ, วินิจฉัย, เด็ดขาด, รอ",1,1946-01-01,1946,2489,ศาลรัฐธรรมนูญ
4,"ตุลาการรัฐธรรมนูญ, คณะตุลาการรัฐธรรมนูญ, กาล, ฉะเพาะ, สภาผู้แทน",1,1946-01-01,1946,2489,สรรหากรรมการตรวจเงินแผ่นดิน
7,"จอมทัพ, แบ่งแยก, กำเนิด, ไทย, ดำรง",3,1946-01-01,1946,2489,พระราชสถานะ/จอมทัพ
8,"ตาย, ลา, ใจ, จอมทัพ, คุณสมบัติ",3,1946-01-01,1946,2489,คุณสมบัติต้องห้าม/พ้นตำแหน่ง
9,"สำเร็จ, พระองค์, ชั่วคราว, พฤษสภา, ประทับ",2,1946-01-01,1946,2489,การสืบราชสมบัติ
12,"เลื่อน, ย้าย, ถอดถอน, เดือน, ตุลาการ",1,1946-01-01,1946,2489,ศาลยุติธรรม/ศาลปกครอง
13,"เสียง, ตีความ, ยินยอม, ต่ำ, ศาลปกครอง",4,1946-01-01,1946,2489,การตีความ/รัฐสภาสองสภา
14,"อัยการศึก, พระราชอำนาจ, เสียง, ตีความ, พระราชกฤษฎีกา",3,1946-01-01,1946,2489,พระราชอำนาจ/พระราชกฤษฎีกา
16,"กระทรวง, ว่าการ, รับผิดชอบ, นโยบาย, ไว้ใจ",1,1946-01-01,1946,2489,งบประมาณ/การคลัง
18,"เอกสิทธิ, แถลง, เท็จจริง, คุมขัง, ข้อ",2,1946-01-01,1946,2489,เอกสิทธิ์การประชุมสภา
20,"ทูลเกล้า, ถวาย, เดือน, นายก, คืน",2,1946-01-01,1946,2489,ร่างพระราชบัญญัติ/งบประมาณ
21,"ปล่อย, พฤษสภา, พระราชทาน, พระปรมาภิไธย, สั่ง",3,1946-01-01,1946,2489,สอบสวน/ปล่อยตัว
24,"ที่ปรึกษา, ระบอบ, ประชาธิปไตย, ต่ำ, ตัว",1,1946-01-01,1946,2489,อภิปรายไม่ไว้วางใจ
25,"ต่ำ, พฤฒสภา, อภิปราย, ประชุม, องค์",3,1946-01-01,1946,2489,ประชุมลับ
27,"รัฐมนตรี, แปด, นายก, คน, รับสนอง",1,1946-01-01,1946,2489,ครม./นายกรัฐมนตรี
30,"สภาผู้แทน, พฤษสภา, เลื่อน, อัยการศึก, กฎ",2,1946-01-01,1946,2489,30_สภาผู้แทน_เท่าเทียม_เสมอ_ศิลปะ
32,"ธรรมดา, คดี, ฐาน, สำหรับ, ศาล",1,1946-01-01,1946,2489,32_คดี_ฐาน_โทษ_ศาล
33,"คดี, ฐาน, ต่ำ, โทษ, ทรัพย์",1,1946-01-01,1946,2489,สัญชาติ/คุณสมบัติเลือกตั้ง
36,"พฤฒสภา, กิจการ, ประธาน, สภาผู้แทน, รอง",1,1946-01-01,1946,2489,ประธาน/รองประธานสภา
37,"เต็ม, สภาผู้แทน, ประธาน, รอง, ดำเนิน",2,1946-01-01,1946,2489,37_ตุลาการ_แต่งตั้ง_เลือกตั้ง_ดำเนิน
38,"ยุบ, ผู้แทน, พระราชกฤษฎีกา, เก้า, สภาผู้แทน",1,1946-01-01,1946,2489,พระราชอำนาจ/พระราชกฤษฎีกา
39,"พฤฒสภา, สภาผู้, รอง, ยุบ, คน",2,1946-01-01,1946,2489,ประธาน/รองประธานสภา
41,"พฤฒสภา, องคมนตรี, มติ, ร่าง, พระราชบัญญัติ",1,1946-01-01,1946,2489,ร่างพระราชบัญญัติ/งบประมาณ
42,"พิพากษา, สภาผู้, เลือกตั้ง, เกณฑ์, อิสระ",2,1946-01-01,1946,2489,42_อากร_ภาษี_อุตสาหกรรม_สนับสนุน
44,"พฤฒสภา, ย่อมเริ่มต้น, พฤษสภา, แยก, แทน",5,1946-01-01,1946,2489,ถวายสัตย์ปฏิญาณ
45,"ประชุม, เสียง, วาระ, อนุโลม, ต่ำ",1,1946-01-01,1946,2489,ลงคะแนน/ประชามติ
46,"เงิน, กู้, เกี่ยว, วาระ, ร่าง",1,1946-01-01,1946,2489,ร่างพระราชบัญญัติ/งบประมาณ
50,"พระราชหัตถเลขา, พระบรมราชโองการ, สนอง, รับผิดชอบ, สื่อสาร",1,1946-01-01,1946,2489,50_พระราชหัตถเลขา_พระบรมราชโองการ_นาม_รับสนอง
54,"พฤติ, สภาพ, ปรึกษา, เขต, จังหวัด",1,1946-01-01,1946,2489,54_เรียบร้อย_ปรึกษา_อภิปราย_กรรมาธิการ
58,"ปฏิญาณ, ข้อความ, การงาน, ตอบ, พฤฒสภา",1,1946-01-01,1946,2489,58_ถาม_ตอบ_กระทู้_เรื่อง
60,"แนะนำ, ชีพ, ชุมนุม, ร่างกาย, สถาน",1,1946-01-01,1946,2489,60_เสรีภาพ_คุ้มครอง_สิทธิ_อาชีพ
62,"อภัยโทษ, พระราชทาน, พระราชอำนาจ, พระมหากษัตริย์, สามเณร",1,1946-01-01,1946,2489,62_อภัยโทษ_ป้องกัน_พระราชทาน_พระราชอำนาจ
65,"อาณาจักรไทย, ชั่วคราว, ราช, กาล, พระราชกำหนด",1,1946-01-01,1946,2489,65_อนุมัติ_พระราชกำหนด_สาธารณะ_ปัด
68,"ยื่น, สภา, ทูล, ร้อง, จำนวน",1,1946-01-01,1946,2489,68_กราบบังคมทูล_พระบรมราชโองการ_วิสามัญ_ยื่น
71,"อธิปไตย, ประมุข, ชน, ปวง, อรรถคดี",1,1946-01-01,1946,2489,อำนาจอธิปไตย/ประมุข
72,"อธิปไตย, อำนาจ, ประมุข, ชน, ปวง",2,1946-01-01,1946,2489,72_ตรา_พระราชกำหนด_อากร_ด่วน
73,"นัย, สืบราชสมบัติ, มณเฑียรบาล, ราชสันตติวงศ์, สืบ",1,1946-01-01,1946,2489,การสืบราชสมบัติ
75,"อำนาจ, ดูแล, พระมหากษัตริย์, เดือน, ประจำ",3,1946-01-01,1946,2489,75_อำนาจ_พระมหากษัตริย์_อำนาจบ_นิติบัญญัติ
77,"ดำเนิน, บริหาร, รัฐมนตรี, แผ่นดิน, คณะ",1,1946-01-01,1946,2489,77_ตำแหน่ง_องคมนตรี_ดำรง_แผ่นดิน
1,"เลื่อน, ถอดถอน, ย้าย, บรรจุ, เคารพ",3,1947-01-01,1947,2490,สิทธิทางกฎหมาย/วิธีพิจารณา
2,"เพาะ, เวลา, อายุ, สลาก, แทน",2,1947-01-01,1947,2490,ตำแหน่งว่าง/แต่งตั้งแทน
6,"พฤศจิกายน, ป, พิบูลสงคราม, จอมพล, บัญชา",1,1947-01-01,1947,2490,6_สนอง_ประเภท_ธรรมนูญ_พระบรมราชโองการ
7,"จอมทัพ, แบ่งแยก, กำเนิด, ไทย, เคารพ",3,1947-01-01,1947,2490,พระราชสถานะ/จอมทัพ
8,"ตาย, ลา, จอมทัพ, สภาชิกภาพ, เคารพ",4,1947-01-01,1947,2490,คุณสมบัติต้องห้าม/พ้นตำแหน่ง
9,"อภิรัฐมนตรี, สำเร็จ, สันตติวงศ์, คุก, พระองค์",2,1947-01-01,1947,2490,การสืบราชสมบัติ
13,"เสียง, ตีความ, ครึ่ง, ศาลปกครอง, ศาลยุติธรรม",3,1947-01-01,1947,2490,การตีความ/รัฐสภาสองสภา
14,"พระราชอำนาจ, การศึก, พระราชกฤษฎีกา, เสียง, ตีความ",6,1947-01-01,1947,2490,พระราชอำนาจ/พระราชกฤษฎีกา
16,"กระทรวง, นโยบาย, ว่าการ, รับผิดชอบ, ดำเนิน",1,1947-01-01,1947,2490,งบประมาณ/การคลัง
18,"เอกสิทธิ, แถลง, เท็จจริง, ลาย, ท",2,1947-01-01,1947,2490,เอกสิทธิ์การประชุมสภา
20,"ทูลเกล้า, ถวาย, เดิม, พระราชทาน, รัฐสภา",2,1947-01-01,1947,2490,ร่างพระราชบัญญัติ/งบประมาณ
21,"ปล่อย, พระราชทาน, พระปรมาภิไธย, คืน, สอบสวน",3,1947-01-01,1947,2490,สอบสวน/ปล่อยตัว
24,"ที่ปรึกษา, ระบอบ, ต่ำ, ไว้วางใจ, ตัว",1,1947-01-01,1947,2490,อภิปรายไม่ไว้วางใจ
25,"ประชุม, ครึ่ง, อภิปราย, ลับ, ต่ำ",3,1947-01-01,1947,2490,ประชุมลับ
27,"อภิรัฐมนตรี, พระกรุณา, บัญชา, อาวุโส, รัฐมนตรี",3,1947-01-01,1947,2490,ครม./นายกรัฐมนตรี
30,"สภาผู้แทน, แยก, อัยการศึก, กฎ, ลับ",3,1947-01-01,1947,2490,30_สภาผู้แทน_เท่าเทียม_เสมอ_ศิลปะ
32,"ฐาน, ย้อนหลัง, คดี, ฉะเพาะ, สำหรับ",2,1947-01-01,1947,2490,32_คดี_ฐาน_โทษ_ศาล
33,"เชื้อชาติ, คดี, ฐาน, โทษ, สมัคร",1,1947-01-01,1947,2490,สัญชาติ/คุณสมบัติเลือกตั้ง
35,"เสนอ, รัฐสภา, รัฐมนตรี, คณะ, ร่าง",1,1947-01-01,1947,2490,35_ครอบครัว_อบรม_บุคคล_เงื่อนไข
36,"กำกับ, สถาน, ประธาน, สภาผู้แทน, รอง",1,1947-01-01,1947,2490,ประธาน/รองประธานสภา
38,"ยุบ, ผู้แทน, เหตุการณ์, พระราชกฤษฎีกา, เก้า",1,1947-01-01,1947,2490,พระราชอำนาจ/พระราชกฤษฎีกา
39,"สภาผู้, รอง, สถาน, คน, ยุบ",2,1947-01-01,1947,2490,ประธาน/รองประธานสภา
41,"องคมนตรี, มติ, ร่าง, พระราชบัญญัติ, วุฒิสภา",1,1947-01-01,1947,2490,ร่างพระราชบัญญัติ/งบประมาณ
44,"เริ่มต้น, ปรึกษา, ประชุม, วุฒิสภา, สภาผู้",4,1947-01-01,1947,2490,ถวายสัตย์ปฏิญาณ
46,"เงิน, กู้, เกี่ยว, วาระ, ร่าง",1,1947-01-01,1947,2490,ร่างพระราชบัญญัติ/งบประมาณ
48,"เรื่องราว, ทุกข์, เงื่อนไข, ร้อง, วิธี",1,1947-01-01,1947,2490,การร้องเรียน/ทุกข์
50,"พระราชหัตถเลขา, พระบรมราชโองการ, รับสนอง, นาม, สื่อสาร",1,1947-01-01,1947,2490,50_พระราชหัตถเลขา_พระบรมราชโองการ_นาม_รับสนอง
54,"ปรึกษา, สภาผู้, ดำเนิน, อำนาจ, ข้อ",1,1947-01-01,1947,2490,54_เรียบร้อย_ปรึกษา_อภิปราย_กรรมาธิการ
58,"ปฏิญาณ, ข้อความ, ตอบ, ถาม, ปลอด",1,1947-01-01,1947,2490,58_ถาม_ตอบ_กระทู้_เรื่อง
59,"บวิหาร, นิติบัญญัติ, อำนาจ, ถาม, ตอบ",2,1947-01-01,1947,2490,59_แนะนำ_พระราชอำนาจ_นิติบัญญัติ_อำนาจ
60,"แนะนำ, สมาคม, ชุมนุม, อาชีพ, สถาน",1,1947-01-01,1947,2490,60_เสรีภาพ_คุ้มครอง_สิทธิ_อาชีพ
64,"ชั่วคราว, ศึกษา, อบรม, สถาน, รัฐ",1,1947-01-01,1947,2490,64_อาณาจักรไทย_ชั่วคราว_ราช_กาล
65,"อาณาจักรไทย, ชั่วคราว, ราช, กาล, นาม",1,1947-01-01,1947,2490,65_อนุมัติ_พระราชกำหนด_สาธารณะ_ปัด
68,"ยื่น, สภา, กราบบังคมทูล, ร้อง, สอง",1,1947-01-01,1947,2490,68_กราบบังคมทูล_พระบรมราชโองการ_วิสามัญ_ยื่น
69,"ถัด, ราชกิจจานุเบกษา, ชอบ, รัฐสภา, กราบบังคมทูล",2,1947-01-01,1947,2490,69_ถัด_ราชกิจจานุเบกษา_ชอบ_รัฐสภา
70,"ถัด, อิสสระ, ราชกิจจานุเบกษา, ออรรถคดี, พิพากษา",1,1947-01-01,1947,2490,สัญชาติ/คุณสมบัติเลือกตั้ง
71,"อธิปไตย, ประมุข, ชน, ปวง, อรรถคดี",1,1947-01-01,1947,2490,อำนาจอธิปไตย/ประมุข
72,"อธิปไตย, ฉะบับ, ประมุข, อำนาจ, ชน",1,1947-01-01,1947,2490,72_ตรา_พระราชกำหนด_อากร_ด่วน
73,"สันตติวงศ์, มณเทียรบาล, นัย, สืบราชสมบัติ, พระพุทธศักราช",1,1947-01-01,1947,2490,การสืบราชสมบัติ
75,"ศาล, อำนาจ, ตุลาการ, เดือน, พระมหากษัตริย์",1,1947-01-01,1947,2490,75_อำนาจ_พระมหากษัตริย์_อำนาจบ_นิติบัญญัติ
6,"ชั่วคราว, พุทธ, นว, ศักราช, สัปต",2,1948-01-01,1948,2491,6_สนอง_ประเภท_ธรรมนูญ_พระบรมราชโองการ
64,"ชั่วคราว, ศึกษา, อบรม, สถาน, รัฐ",1,1948-01-01,1948,2491,64_อาณาจักรไทย_ชั่วคราว_ราช_กาล
69,"ถัด, ราชกิจจานุเบกษา, กราบบังคมทูล, พระบรมราชโองการ, วิสามัญ",1,1948-01-01,1948,2491,69_ถัด_ราชกิจจานุเบกษา_ชอบ_รัฐสภา
78,"ทูลเกล้า, พระราชทาน, ร่าง, ตำแหน่ง, ถวาย",5,1948-01-01,1948,2491,ลงคะแนน/ประชามติ
1,"สมาคม, จ้าง, วัตถุประสงค์, เรื่องราว, ทุกข์",7,1949-01-01,1949,2492,สิทธิทางกฎหมาย/วิธีพิจารณา
2,"แทน, ว่าง, แต่งตั้ง, สมาชิกภาพแห่ง, เวลา",4,1949-01-01,1949,2492,ตำแหน่งว่าง/แต่งตั้งแทน
3,"คณะตุลาการรัฐธรรมนูญ, เด็ด, ศาล, ว่าง, ทางการ",2,1949-01-01,1949,2492,ศาลรัฐธรรมนูญ
5,"คณะตุลาการรัฐธรรมนูญ, ร้อง, วินิจฉัย, คน, สมาชิกภาพ",1,1949-01-01,1949,2492,ศาลรัฐธรรมนูญ
6,"เพาะ, บัญญัติวรรค, ยกเว้น, ห้าม, เลือกตั้ง",2,1949-01-01,1949,2492,6_สนอง_ประเภท_ธรรมนูญ_พระบรมราชโองการ
7,"ทหาร, บัญชา, จอมทัพ, กำเนิด, ดำรง",5,1949-01-01,1949,2492,พระราชสถานะ/จอมทัพ
8,"คุก, จอมทัพ, โทษ, เคารพ, ละเมิด",6,1949-01-01,1949,2492,คุณสมบัติต้องห้าม/พ้นตำแหน่ง
9,"สำเร็จ, พระองค์, องคมนตรี, แทน, คุก",5,1949-01-01,1949,2492,การสืบราชสมบัติ
10,"พระองค์, สำเร็จ, แทน, ราชการ, องคมนตรี",3,1949-01-01,1949,2492,หน่วยราชการ/รัฐวิสาหกิจ
11,"สมบูรณ์, อนามัย, ร่างกาย, พลเมือง, อาชีพ",1,1949-01-01,1949,2492,หน้าที่บุคคล/ส่งเสริมรัฐ
12,"อธิบดี, ถอด, ตุลาการ, เลื่อน, ย้าย",2,1949-01-01,1949,2492,ศาลยุติธรรม/ศาลปกครอง
13,"ตีความ, เสียง, ศาลปกครอง, ศาลยุติธรรม, ยินยอม",4,1949-01-01,1949,2492,การตีความ/รัฐสภาสองสภา
14,"พระราชอำนาจ, อภัยโทษ, พระราชทาน, พระราชกฤษฎีกา, เสียง",3,1949-01-01,1949,2492,พระราชอำนาจ/พระราชกฤษฎีกา
15,"พระราชอำนาจ, พระราชกฤษฎีกา, ขัด, ตรา, อภัยโทษ",2,1949-01-01,1949,2492,สัญชาติ/คุณสมบัติเลือกตั้ง
16,"กระทรวง, งบ, ว่าการ, รับผิดชอบ, นโยบาย",2,1949-01-01,1949,2492,งบประมาณ/การคลัง
17,"คุมขัง, งบ, จ่าย, ตัว, ค้น",2,1949-01-01,1949,2492,คดีอาญา/สิทธิผู้ต้องหา
18,"เอกสิทธิ์, แถลง, เท็จจริง, คิดเห็น, คุมขัง",2,1949-01-01,1949,2492,เอกสิทธิ์การประชุมสภา
19,"ผลิตผล, เพิ่มพูน, มารดา, ปริมาณ, ปราบ",2,1949-01-01,1949,2492,แรงงาน/เกษตรกร
20,"พระปรมาภิไธย, พระราชทาน, ประชามติ, ราชกิจจานุเบกษา, ทูลเกล้า",4,1949-01-01,1949,2492,ร่างพระราชบัญญัติ/งบประมาณ
21,"ปล่อย, พระราชทาน, พระปรมาภิไธย, สอบสวน, คืน",3,1949-01-01,1949,2492,สอบสวน/ปล่อยตัว
22,"กรรมาธิการ, ปล่อย, กลับคืน, สภา, พิจารณา",1,1949-01-01,1949,2492,ร่างพระราชบัญญัติ/งบประมาณ
23,"ประมุข, ประเทศไทย, ระบอบ, ประชาธิปไตย, ปกครอง",1,1949-01-01,1949,2492,ระบอบประชาธิปไตย
24,"ระบอบ, อภิปราย, ประชาธิปไตย, ประมุข, ทั่วไป",4,1949-01-01,1949,2492,อภิปรายไม่ไว้วางใจ
25,"องค์ประชุม, ประชุม, อภิปราย, ลับ, ต่ำ",3,1949-01-01,1949,2492,ประชุมลับ
26,"ประชุม, ต่ำ, ลับ, พระราชดำริ, ชำนาญ",1,1949-01-01,1949,2492,คณะปฏิวัติ/รัฐประหาร
27,"นายก, ห้า, รัฐมนตรี, คน, ยี่",1,1949-01-01,1949,2492,ครม./นายกรัฐมนตรี
29,"อัยย, สมัคร, ศึก, เลือกตั้ง, บัญชี",4,1949-01-01,1949,2492,ภาวะฉุกเฉิน/อัยการศึก
30,"ค้นคว้า, วิทยาศาสตร์, ออกเสียง, ประชามติ, อัยการศึก",3,1949-01-01,1949,2492,30_สภาผู้แทน_เท่าเทียม_เสมอ_ศิลปะ
31,"เด็ก, นานา, โลก, สันติสุข, ประเทศ",3,1949-01-01,1949,2492,ความสัมพันธ์ระหว่างประเทศ
32,"โทษ, ฉะเพาะ, คดี, ฐาน, ธรรมดา",3,1949-01-01,1949,2492,32_คดี_ฐาน_โทษ_ศาล
33,"คดี, ฐาน, โทษ, กระทรวงศึกษาธิการ, ต่ำ",3,1949-01-01,1949,2492,สัญชาติ/คุณสมบัติเลือกตั้ง
34,"พลเรือน, ปลัด, เทียบเท่า, กระทรวง, อธิบดี",2,1949-01-01,1949,2492,34_ปลัด_พลเรือน_กระทรวง_พ้น
35,"ครอบครัว, คุ้มครอง, สิทธิ, บุคคล, ปลัด",1,1949-01-01,1949,2492,35_ครอบครัว_อบรม_บุคคล_เงื่อนไข
36,"ประธาน, รอง, กิจการ, รัฐสภา, สภาผู้แทน",2,1949-01-01,1949,2492,ประธาน/รองประธานสภา
37,"ประธาน, รอง, รัฐสภา, ในวรรค, แทน",4,1949-01-01,1949,2492,37_ตุลาการ_แต่งตั้ง_เลือกตั้ง_ดำเนิน
38,"สภาผู้แทน, เลือกตั้ง, ยุบ, ทั่วไป, ผู้แทน",2,1949-01-01,1949,2492,พระราชอำนาจ/พระราชกฤษฎีกา
39,"สภาผู้, สภา, รอง, ประธาน, ยุบ",2,1949-01-01,1949,2492,ประธาน/รองประธานสภา
40,"องคมนตรี, รอง, ประธาน, คน, สภา",2,1949-01-01,1949,2492,องคมนตรี
41,"องคมนตรี, ผู้แทน, พิเศษ, วุฒิสภา, ขยาย",1,1949-01-01,1949,2492,ร่างพระราชบัญญัติ/งบประมาณ
42,"อุตสาหกรรม, เกษตรกรรม, ผลิต, ค้า, รัฐพึง",3,1949-01-01,1949,2492,42_อากร_ภาษี_อุตสาหกรรม_สนับสนุน
44,"ปรึกษา, สภาผู้, ยุบ, อนุโลม, ประชุม",2,1949-01-01,1949,2492,ถวายสัตย์ปฏิญาณ
45,"ประชุม, อนุโลม, ชั้น, เสียง, วาระ",1,1949-01-01,1949,2492,ลงคะแนน/ประชามติ
46,"เงิน, กู้, ร่าง, วาระ, เกี่ยว",1,1949-01-01,1949,2492,ร่างพระราชบัญญัติ/งบประมาณ
48,"สภาชิกภาพ, ช่วยเหลือ, ประจำ, สภาผู้แทน, ราชการ",3,1949-01-01,1949,2492,การร้องเรียน/ทุกข์
49,"สื่อสาร, เคหสถาน, ช่วยเหลือ, ครอบครอง, อาศัย",2,1949-01-01,1949,2492,49_สื่อสาร_เคหสถาน_ครอบครอง_อาศัย
50,"พระบรมราชโองการ, สมุหราชของครักษ์, ถอดถอน, สื่อสาร, เคหสถาน",2,1949-01-01,1949,2492,50_พระราชหัตถเลขา_พระบรมราชโองการ_นาม_รับสนอง
51,"พระราชหัตถเลขา, พระบรมราชโองการ, นาม, อสังหาริมทรัพย์, รับสนอง",1,1949-01-01,1949,2492,51_อสังหาริมทรัพย์_เวนคืน_คืน_เจ้าของ
53,"หมื่น, แสน, ห้า, จังหวัด, ราษฎร",1,1949-01-01,1949,2492,เลือกตั้งเขต/ราษฎร
54,"ปรึกษา, ญัตติ, เขต, จังหวัด, สภาผู้",1,1949-01-01,1949,2492,54_เรียบร้อย_ปรึกษา_อภิปราย_กรรมาธิการ
56,"พระพุทธเจ้า, ปฏิญาณ, พระพักตร์, ฉะเพาะ, จงรักภักดี",2,1949-01-01,1949,2492,ถวายสัตย์ปฏิญาณ
57,"ปฏิญาณ, สัตย์, พระพุทธเจ้า, จงรักภักดี, ถ้อยคำ",2,1949-01-01,1949,2492,ถวายสัตย์ปฏิญาณ
58,"ปฏิญาณ, ข้อความ, ตอบ, ถาม, ปลอด",1,1949-01-01,1949,2492,58_ถาม_ตอบ_กระทู้_เรื่อง
61,"หู, หนวก, ใบ, บวช, พรต",2,1949-01-01,1949,2492,61_บวช_พรต_ภิกษุ_สามเณร
62,"ป้องกัน, ประเทศ, ศาล, บุคคล, พระราชบัญญัติ",2,1949-01-01,1949,2492,62_อภัยโทษ_ป้องกัน_พระราชทาน_พระราชอำนาจ
63,"ศึกษา, อภัยโทษ, อบรม, ป้องกัน, พระราชทาน",3,1949-01-01,1949,2492,63_ศึกษา_อบรม_สถาน_รัฐ
65,"อาณาจักรไทย, ชั่วคราว, ราช, กาล, นาม",1,1949-01-01,1949,2492,65_อนุมัติ_พระราชกำหนด_สาธารณะ_ปัด
66,"รอง, ตำแหน่ง, อนุมัติ, พระราชกำหนด, ประธาน",1,1949-01-01,1949,2492,พระราชอำนาจ/พระราชกฤษฎีกา
68,"กราบบังคมทูล, ร้องขอ, ยื่น, สภา, สอง",1,1949-01-01,1949,2492,68_กราบบังคมทูล_พระบรมราชโองการ_วิสามัญ_ยื่น
70,"ถัด, ราชกิจจานุเบกษา, สัญชาติ, สภาผู้, ไทย",2,1949-01-01,1949,2492,สัญชาติ/คุณสมบัติเลือกตั้ง
71,"อธิปไตย, ประมุข, ชน, ปวง, อรรถคดี",1,1949-01-01,1949,2492,อำนาจอธิปไตย/ประมุข
72,"อธิปไตย, ประมุข, อำนาจ, ชน, ปวง",2,1949-01-01,1949,2492,72_ตรา_พระราชกำหนด_อากร_ด่วน
73,"มณเฑียรบาล, พระพุทธศักราช, สืบราชสันตติวงศ์, กฎ, นัย",1,1949-01-01,1949,2492,การสืบราชสมบัติ
75,"อำนาจบ, เดือน, นิติบัญญัติ, ประจำ, ราชการ",3,1949-01-01,1949,2492,75_อำนาจ_พระมหากษัตริย์_อำนาจบ_นิติบัญญัติ
77,"ชุด, แต่ง, ชั่วคราว, ภาพ, สมาชิก",2,1949-01-01,1949,2492,77_ตำแหน่ง_องคมนตรี_ดำรง_แผ่นดิน
78,"พระราชดำริ, ทูลเกล้า, ประชาชน, องคมนตรี, พระราชกฤษฎีกา",1,1949-01-01,1949,2492,ลงคะแนน/ประชามติ
2,"หมาย, ตุลาการ, ว่าง, แต่งตั้ง, ทั่วไป",1,1952-01-01,1952,2495,ตำแหน่งว่าง/แต่งตั้งแทน
3,"คณะตุลาการรัฐธรรมนูญ, ศาล, ทางการ, ว่าง, กระทบกระทั่ง",2,1952-01-01,1952,2495,ศาลรัฐธรรมนูญ
6,"ประเภท, แก้, อ้าง, เลขา, ป",4,1952-01-01,1952,2495,6_สนอง_ประเภท_ธรรมนูญ_พระบรมราชโองการ
8,"สำหรับ, ตาย, จอมทัพ, คุก, ลา",1,1952-01-01,1952,2495,คุณสมบัติต้องห้าม/พ้นตำแหน่ง
12,"อธิบดี, กรม, ศาลอุทธรณ์, ศาลฎีกา, อัยการ",1,1952-01-01,1952,2495,ศาลยุติธรรม/ศาลปกครอง
13,"ตีความ, วง, องค์ประชุม, ในวรรค, เด็ดขาด",1,1952-01-01,1952,2495,การตีความ/รัฐสภาสองสภา
15,"พระราชอำนาจ, พระราชกฤษฎีกา, ขัด, อภัยโทษ, พระมหากษัตริย์",1,1952-01-01,1952,2495,สัญชาติ/คุณสมบัติเลือกตั้ง
19,"มารดา, ปราบ, โรค, มูลค่า, สาธารณสุข",1,1952-01-01,1952,2495,แรงงาน/เกษตรกร
23,"โลก, สันติสุข, บำรุง, เอกราช, นานา",1,1952-01-01,1952,2495,ระบอบประชาธิปไตย
37,"ประเภท, ประธาน, รอง, ตุลาการ, รัฐสภา",3,1952-01-01,1952,2495,37_ตุลาการ_แต่งตั้ง_เลือกตั้ง_ดำเนิน
45,"ชั้น, ประชุม, อนุโลม, เสียง, วาระ",1,1952-01-01,1952,2495,ลงคะแนน/ประชามติ
48,"สันติสุข, ประเทศชาติ, เอกราช, สงบ, รักษา",2,1952-01-01,1952,2495,การร้องเรียน/ทุกข์
63,"ศึกษา, อภัยโทษ, ป้องกัน, สถาน, อบรม",1,1952-01-01,1952,2495,63_ศึกษา_อบรม_สถาน_รัฐ
64,"อาณาจักรไทย, ราช, ราชกิจจานุเบกษา, ศึกษา, นาม",1,1952-01-01,1952,2495,64_อาณาจักรไทย_ชั่วคราว_ราช_กาล
67,"รอง, ประธาน, ตำแหน่ง, เลข, ตอบแทน",4,1952-01-01,1952,2495,67_เลข_แก้_ตำแหน่ง_องคมนตรี
74,"เลิก, ประเภท, ประจำ, ตำแหน่ง, ดำรง",1,1952-01-01,1952,2495,74_เดือน_ประจำ_ราชการ_เมือง
77,"ประเภท, ตำแหน่ง, แถลง, นโยบาย, ดำรง",1,1952-01-01,1952,2495,77_ตำแหน่ง_องคมนตรี_ดำรง_แผ่นดิน
2,"ว่าง, ร้อย, ตำแหน่ง, สี่, จำนวน",1,1959-01-01,1959,2502,ตำแหน่งว่าง/แต่งตั้งแทน
3,"วินิจฉัย, จอมพล, ปฏิวัติ, ประเพณี, ว่าง",1,1959-01-01,1959,2502,ศาลรัฐธรรมนูญ
7,"พระประมุข, จอมทัพ, แบ่งแยก, เคารพ, ดำรง",2,1959-01-01,1959,2502,พระราชสถานะ/จอมทัพ
18,"เด็ด, สภาร่าง, โฆษณา, พิมพ์, ฟ้องร้อง",1,1959-01-01,1959,2502,เอกสิทธิ์การประชุมสภา
21,"งด, ขัง, ควบคุม, ฟ้อง, ปล่อย",1,1959-01-01,1959,2502,สอบสวน/ปล่อยตัว
27,"รัฐมนตรี, นายก, ชี้แจง, สมควร, สิทธิ",1,1959-01-01,1959,2502,ครม./นายกรัฐมนตรี
34,"พระราชอัธยาศัย, องคมนตรี, พ้น, คณะ, จำนวน",1,1959-01-01,1959,2502,34_ปลัด_พลเรือน_กระทรวง_พ้น
39,"คน, สภา, รอง, มติ, พระมหากษัตริย์",1,1959-01-01,1959,2502,ประธาน/รองประธานสภา
47,"บ่อน, ทำลาย, สั่งการ, นายก, ปราบปราม",1,1959-01-01,1959,2502,47_สั่ง_รักษาความ_สงบแห่ง_หัวหน้า
50,"โองการ, พระบรมราช, นาม, สื่อสาร, เคหสถาน",1,1959-01-01,1959,2502,50_พระราชหัตถเลขา_พระบรมราชโองการ_นาม_รับสนอง
54,"ปรึกษา, สภาร่าง, อำนาจ, เขต, จังหวัด",1,1959-01-01,1959,2502,54_เรียบร้อย_ปรึกษา_อภิปราย_กรรมาธิการ
59,"อำนาจบ, ถาม, แนะนำ, ยินยอม, ตอบ",2,1959-01-01,1959,2502,59_แนะนำ_พระราชอำนาจ_นิติบัญญัติ_อำนาจ
70,"ถัด, ราชกิจจานุเบกษา, อรรถคดี, พิพากษา, อิสระ",1,1959-01-01,1959,2502,สัญชาติ/คุณสมบัติเลือกตั้ง
71,"อธิปไตย, ชน, ปวง, อรรถคดี, ไทย",1,1959-01-01,1959,2502,อำนาจอธิปไตย/ประมุข
78,"ทูลเกล้า, ธรรมนูญ, ร่าง, ภิไธย, พระปรมา",2,1959-01-01,1959,2502,ลงคะแนน/ประชามติ
1,"สมาคม, อธิบดี, คณะตุลาการรัฐธรรมนูญ, วิธี, กรมอัยการ",9,1968-01-01,1968,2511,สิทธิทางกฎหมาย/วิธีพิจารณา
2,"ลด, สลาก, วาระ, แต่งตั้ง, แทน",5,1968-01-01,1968,2511,ตำแหน่งว่าง/แต่งตั้งแทน
3,"ศาล, ทางการ, กระทบกระทั่ง, คณะตุลาการรัฐธรรมนูญ, เช่",1,1968-01-01,1968,2511,ศาลรัฐธรรมนูญ
4,"อธิบดี, กรมอัยการ, ศาลอุทธรณ์, ทำ, คณะตุลาการรัฐธรรมนูญ",1,1968-01-01,1968,2511,สรรหากรรมการตรวจเงินแผ่นดิน
5,"คณะตุลาการรัฐธรรมนูญ, ร้อง, วินิจฉัย, คน, สมาชิกภาพ",1,1968-01-01,1968,2511,ศาลรัฐธรรมนูญ
6,"อ้าง, สภาร่าง, สั่งการ, ธรรมนูญ, สนอง",2,1968-01-01,1968,2511,6_สนอง_ประเภท_ธรรมนูญ_พระบรมราชโองการ
7,"จอมทัพ, กำเนิด, เคารพ, ดำรง, เสมอ",3,1968-01-01,1968,2511,พระราชสถานะ/จอมทัพ
8,"จอมทัพ, เคารพ, ละเมิด, คุก, ดำรง",6,1968-01-01,1968,2511,คุณสมบัติต้องห้าม/พ้นตำแหน่ง
9,"สำเร็จ, พระองค์, แทน, คุก, องคมนตรี",4,1968-01-01,1968,2511,การสืบราชสมบัติ
10,"ฝึก, องคมนตรี, เมือง, เจ้าหน้าที่, ราชการ",1,1968-01-01,1968,2511,หน่วยราชการ/รัฐวิสาหกิจ
12,"เลื่อน, ตุลาการ, ย้าย, ถอดถอน, กราบบังคมทูล",1,1968-01-01,1968,2511,ศาลยุติธรรม/ศาลปกครอง
13,"ตีความ, เสียง, ศาลปกครอง, ศาลยุติธรรม, ตุลาการ",3,1968-01-01,1968,2511,การตีความ/รัฐสภาสองสภา
14,"สมุหราชของครักษ์, พระราชอัธยาศัย, ควบคุม, เสียง, พระราชอำนาจ",3,1968-01-01,1968,2511,พระราชอำนาจ/พระราชกฤษฎีกา
15,"พระราชอำนาจ, พระราชกฤษฎีกา, เสรีภาพ, ขัด, อภัยโทษ",2,1968-01-01,1968,2511,สัญชาติ/คุณสมบัติเลือกตั้ง
16,"งบ, รับผิดชอบ, อนุมัติ, จ่าย, กระทรวง",2,1968-01-01,1968,2511,งบประมาณ/การคลัง
17,"คุมขัง, งบ, ตัว, จ่าย, ค้น",2,1968-01-01,1968,2511,คดีอาญา/สิทธิผู้ต้องหา
18,"เอกสิทธิ, แถลง, เท็จจริง, คิดเห็น, คุมขัง",2,1968-01-01,1968,2511,เอกสิทธิ์การประชุมสภา
19,"ศิลปกรรม, ประวัติศาสตร์, วัตถุ, สถานที่, ประชากร",2,1968-01-01,1968,2511,แรงงาน/เกษตรกร
20,"พระปรมา, ภิไธย, ประชามติ, ราชทาน, กิจจานุเบกษา",3,1968-01-01,1968,2511,ร่างพระราชบัญญัติ/งบประมาณ
21,"ปล่อย, พระราชทาน, พระปรมาภิไธย, สอบสวน, คุมขัง",3,1968-01-01,1968,2511,สอบสวน/ปล่อยตัว
22,"พระราชบัญญัติ, กรรมาธิการ, ปล่อย, ร่าง, สภาผู้แทน",1,1968-01-01,1968,2511,ร่างพระราชบัญญัติ/งบประมาณ
23,"ประมุข, ระบอบ, ประชาธิปไตย, อันมีพระมหากษัตริย์, ปกครอง",2,1968-01-01,1968,2511,ระบอบประชาธิปไตย
24,"อภิปราย, ระบอบ, ประชาธิปไตย, ทั่วไป, ญัตติ",3,1968-01-01,1968,2511,อภิปรายไม่ไว้วางใจ
25,"ประชุม, ลับ, ต่ำ, อภิปราย, กรรมาธิการ",3,1968-01-01,1968,2511,ประชุมลับ
26,"ประชุม, ต่ำ, จำนวน, สี่, วิชาการ",1,1968-01-01,1968,2511,คณะปฏิวัติ/รัฐประหาร
27,"นายก, รับสนอง, แต่งตั้ง, นาม, รัฐมนตรี",1,1968-01-01,1968,2511,ครม./นายกรัฐมนตรี
29,"อัยการศึก, สมัคร, กฎ, เลือกตั้ง, บัญชี",4,1968-01-01,1968,2511,ภาวะฉุกเฉิน/อัยการศึก
30,"สภา, คน, อัยการศึก, ไว้วางใจ, แถลง",2,1968-01-01,1968,2511,30_สภาผู้แทน_เท่าเทียม_เสมอ_ศิลปะ
31,"สังคมสงเคราะห์, สันติสุข, โลก, ผาสุก, สวัสดิภาพ",2,1968-01-01,1968,2511,ความสัมพันธ์ระหว่างประเทศ
32,"โทษ, คดี, ฐาน, ธรรมดา, หนัก",3,1968-01-01,1968,2511,32_คดี_ฐาน_โทษ_ศาล
33,"สัญชาติ, คดี, ฐาน, คุณสมบัติ, โทษ",3,1968-01-01,1968,2511,สัญชาติ/คุณสมบัติเลือกตั้ง
34,"พลเรือน, ปลัด, กระทรวง, ถอดถอน, ทหาร",1,1968-01-01,1968,2511,34_ปลัด_พลเรือน_กระทรวง_พ้น
35,"ประถม, อบรมชั้น, ตาย, ครอบครัว, พ้น",3,1968-01-01,1968,2511,35_ครอบครัว_อบรม_บุคคล_เงื่อนไข
36,"ประธาน, รอง, กิจการ, รัฐสภา, สภาผู้แทน",2,1968-01-01,1968,2511,ประธาน/รองประธานสภา
37,"รัฐสภา, ประธาน, รอง, อำนาจ, กิจการ",4,1968-01-01,1968,2511,37_ตุลาการ_แต่งตั้ง_เลือกตั้ง_ดำเนิน
38,"สภาผู้แทน, พระราชกฤษฎีกา, เลือกตั้ง, ทั่วไป, ยุบ",2,1968-01-01,1968,2511,พระราชอำนาจ/พระราชกฤษฎีกา
39,"รอง, ประธาน, สภาผู้แทน, เลือกตั้ง, ประชุม",1,1968-01-01,1968,2511,ประธาน/รองประธานสภา
40,"องคมนตรี, รอง, ประธาน, คน, สภา",2,1968-01-01,1968,2511,องคมนตรี
41,"องคมนตรี, สภาผู้, พระราชบัญญัติ, ร่าง, เสนอ",1,1968-01-01,1968,2511,ร่างพระราชบัญญัติ/งบประมาณ
42,"อุตสาหกรรม, ย้าย, เกษตรกรรม, ผลิต, ค้า",3,1968-01-01,1968,2511,42_อากร_ภาษี_อุตสาหกรรม_สนับสนุน
44,"ปรึกษา, ประชุม, สมาชิกภาพ, ยุบ, อนุโลม",3,1968-01-01,1968,2511,ถวายสัตย์ปฏิญาณ
45,"ประชุม, อนุโลม, วาระ, สอง, ต่ำ",1,1968-01-01,1968,2511,ลงคะแนน/ประชามติ
46,"เงิน, กู้, ร่าง, วาระ, เกี่ยว",1,1968-01-01,1968,2511,ร่างพระราชบัญญัติ/งบประมาณ
48,"ศาสตร์, ศิลปวิทยา, สนับสนุนการ, วิจัย, รัฐพึง",2,1968-01-01,1968,2511,การร้องเรียน/ทุกข์
49,"เคหสถาน, สื่อสาร, ครอบครอง, ช่วยเหลือ, อาศัย",2,1968-01-01,1968,2511,49_สื่อสาร_เคหสถาน_ครอบครอง_อาศัย
50,"พระราชหัตถเลขา, พระบรมราชโองการ, รับสนอง, นาม, สื่อสาร",1,1968-01-01,1968,2511,50_พระราชหัตถเลขา_พระบรมราชโองการ_นาม_รับสนอง
51,"พระราชหัตถเลขา, พระบรมราชโองการ, เวนคืน, นาม, รับสนอง",1,1968-01-01,1968,2511,51_อสังหาริมทรัพย์_เวนคืน_คืน_เจ้าของ
53,"หมื่น, แสน, ห้า, จังหวัด, ราษฎร",1,1968-01-01,1968,2511,เลือกตั้งเขต/ราษฎร
54,"ปรึกษา, พระราช, เขต, จังหวัด, ญัตติ",1,1968-01-01,1968,2511,54_เรียบร้อย_ปรึกษา_อภิปราย_กรรมาธิการ
56,"พระพุทธเจ้า, ปฏิญาณ, สัตย์, ถวาย, จงรักภักดี",2,1968-01-01,1968,2511,ถวายสัตย์ปฏิญาณ
57,"ปฏิญาณ, พระพุทธเจ้า, ถ้อยคำ, สัตย์, ซื่อสัตย์สุจริต",2,1968-01-01,1968,2511,ถวายสัตย์ปฏิญาณ
58,"ปฏิญาณ, ตอบ, เรื่อง, กระทู้, ถาม",1,1968-01-01,1968,2511,58_ถาม_ตอบ_กระทู้_เรื่อง
59,"แนะนำ, พระราชอำนาจ, รัฐมนตรี, ถวาย, นายก",1,1968-01-01,1968,2511,59_แนะนำ_พระราชอำนาจ_นิติบัญญัติ_อำนาจ
61,"ใบ้, หนวก, หู, ภิกษุ, สามเณร",2,1968-01-01,1968,2511,61_บวช_พรต_ภิกษุ_สามเณร
62,"อภัยโทษ, ฟ้องร้อง, กล่าวหา, พระราชทาน, ป้องกัน",4,1968-01-01,1968,2511,62_อภัยโทษ_ป้องกัน_พระราชทาน_พระราชอำนาจ
63,"ศึกษา, อภัยโทษ, อบรม, ป้องกัน, สถาน",3,1968-01-01,1968,2511,63_ศึกษา_อบรม_สถาน_รัฐ
65,"อาณาจักรไทย, ชั่วคราว, ราช, กาล, นาม",2,1968-01-01,1968,2511,65_อนุมัติ_พระราชกำหนด_สาธารณะ_ปัด
66,"รอง, ประธาน, อนุมัติ, ตำแหน่ง, พระราชกำหนด",1,1968-01-01,1968,2511,พระราชอำนาจ/พระราชกฤษฎีกา
68,"กราบบังคมทูล, ยื่น, สภา, ร้อง, พระบรมราชโองการ",1,1968-01-01,1968,2511,68_กราบบังคมทูล_พระบรมราชโองการ_วิสามัญ_ยื่น
70,"ถัด, ราชกิจจานุเบกษา, อรรถคดี, พิพากษา, สภาผู้",3,1968-01-01,1968,2511,สัญชาติ/คุณสมบัติเลือกตั้ง
71,"มหากษัตริย์, อธิปไตย, อรรถคดี, ประมุข, ชน",1,1968-01-01,1968,2511,อำนาจอธิปไตย/ประมุข
72,"อธิปไตย, ประมุข, อำนาจ, ชน, ปวง",1,1968-01-01,1968,2511,72_ตรา_พระราชกำหนด_อากร_ด่วน
73,"มณเทียรบาล, พระพุทธศักราช, ราชสันตติวงศ์, สืบ, กฎ",1,1968-01-01,1968,2511,การสืบราชสมบัติ
75,"บวิหาร, อำนาจ, เดือน, นิติบัญญัติ, ประจำ",3,1968-01-01,1968,2511,75_อำนาจ_พระมหากษัตริย์_อำนาจบ_นิติบัญญัติ
77,"บริหาร, รัฐมนตรี, แผ่นดิน, คณะ, สภาผู้",1,1968-01-01,1968,2511,77_ตำแหน่ง_องคมนตรี_ดำรง_แผ่นดิน
78,"ทูนเกล้า, พระราชดำริ, ประชามติ, พระบรมราชโองการ, ประชาชน",1,1968-01-01,1968,2511,ลงคะแนน/ประชามติ
2,"วาระ, แต่งตั้ง, สภานิติบัญญัติแห่งชาติ, เก้า, กำเนิด",1,1972-01-01,1972,2515,ตำแหน่งว่าง/แต่งตั้งแทน
3,"ชี้ขาด, ธรรมนูญ, ว่าง, วินิจฉัย, จอมพล",2,1972-01-01,1972,2515,ศาลรัฐธรรมนูญ
7,"พ้อง, พระประมุข, จอมทัพ, แบ่งแยก, เคารพ",2,1972-01-01,1972,2515,พระราชสถานะ/จอมทัพ
14,"พระราชกฤษฎีกา, พระราชอำนาจ, ขัด, ตรา, พระมหากษัตริย์",1,1972-01-01,1972,2515,พระราชอำนาจ/พระราชกฤษฎีกา
18,"สภาคด้วย, อาญา, คุมขัง, ขัง, งด",1,1972-01-01,1972,2515,เอกสิทธิ์การประชุมสภา
26,"ประชุม, รัฐมนตรี, นายก, ลับ, จำนวน",1,1972-01-01,1972,2515,คณะปฏิวัติ/รัฐประหาร
34,"พระราชอัธยาศัย, องคมนตรี, เก้า, พ้น, คณะ",1,1972-01-01,1972,2515,34_ปลัด_พลเรือน_กระทรวง_พ้น
39,"บัญญัติแห่งชาติ, สภานิติ, คน, ยุบ, สภา",1,1972-01-01,1972,2515,ประธาน/รองประธานสภา
45,"ประชุม, วาระ, ข้อ, อนุโลม, สาม",1,1972-01-01,1972,2515,ลงคะแนน/ประชามติ
46,"บัญญัติแห่งชาติ, สภานิติ, วาระ, ลด, กู้",1,1972-01-01,1972,2515,ร่างพระราชบัญญัติ/งบประมาณ
47,"สั่ง, ปฏิวัติ, ธรรมนูญ, ทำลาย, เงิน",2,1972-01-01,1972,2515,47_สั่ง_รักษาความ_สงบแห่ง_หัวหน้า
50,"โองการ, พระบรมราช, นาม, สื่อสาร, เคหสถาน",1,1972-01-01,1972,2515,50_พระราชหัตถเลขา_พระบรมราชโองการ_นาม_รับสนอง
54,"เขต, จังหวัด, บัญญัติแห่งชาติ, สภานิติ, ราษฎร",1,1972-01-01,1972,2515,54_เรียบร้อย_ปรึกษา_อภิปราย_กรรมาธิการ
58,"กระทู้, ปฏิญาณ, ถาม, ซักถาม, ตอบ",1,1972-01-01,1972,2515,58_ถาม_ตอบ_กระทู้_เรื่อง
59,"นิติบัญญัติแห่งชาติ, อำนาจ, นิติบัญญัติ, ถาม, ตอบ",1,1972-01-01,1972,2515,59_แนะนำ_พระราชอำนาจ_นิติบัญญัติ_อำนาจ
65,"อาณาจักรไทย, พระราชกำหนด, ชั่วคราว, ราช, กาล",1,1972-01-01,1972,2515,65_อนุมัติ_พระราชกำหนด_สาธารณะ_ปัด
70,"ถัด, ราชกิจจานุเบกษา, อรรถคดี, พิพากษา, อิสระ",1,1972-01-01,1972,2515,สัญชาติ/คุณสมบัติเลือกตั้ง
71,"อธิปไตย, อรรถคดี, ประมุข, ชน, ธรรมนูญ",1,1972-01-01,1972,2515,อำนาจอธิปไตย/ประมุข
0,"หน่วย, ปฏิบัติการ, เงินแผ่นดิน, ราชการ, จ่าย",2,1974-01-01,1974,2517,การไต่สวนผู้ดำรงตำแหน่ง
1,"เรื่องราว, ทุกข์, เจ้าพนักงาน, สิทธิ, นิติบุคคล",7,1974-01-01,1974,2517,สิทธิทางกฎหมาย/วิธีพิจารณา
2,"ว่าง, ตำแหน่ง, แทน, ตุลาการ, อายุ",5,1974-01-01,1974,2517,ตำแหน่งว่าง/แต่งตั้งแทน
3,"ศาล, ทางการ, คณะตุลาการ, กระทบกระทั่ง, คณะตุลาการรัฐธรรมนูญ",1,1974-01-01,1974,2517,ศาลรัฐธรรมนูญ
4,"เลือก, ตุลาการ, คณะตุลาการรัฐธรรมนูญ, พระกรุณา, คณะ",1,1974-01-01,1974,2517,สรรหากรรมการตรวจเงินแผ่นดิน
5,"คณะตุลาการรัฐธรรมนูญ, วินิจฉัย, พระราช, ร้อง, สรรหา",3,1974-01-01,1974,2517,ศาลรัฐธรรมนูญ
6,"ธรรมนูญ, นิติบัญญัติแห่งชาติ, ปกครอง, ราชอาณาจักร, ชาย",4,1974-01-01,1974,2517,6_สนอง_ประเภท_ธรรมนูญ_พระบรมราชโองการ
7,"จอมทัพ, ไทย, กำเนิด, ดำรง, เคารพ",5,1974-01-01,1974,2517,พระราชสถานะ/จอมทัพ
8,"จอมทัพ, ดำรง, เคารพ, ละเมิด, คุก",5,1974-01-01,1974,2517,คุณสมบัติต้องห้าม/พ้นตำแหน่ง
9,"สำเร็จ, พระองค์, องคมนตรี, แทน, คุก",4,1974-01-01,1974,2517,การสืบราชสมบัติ
10,"พระองค์, สำเร็จ, ราชการ, องคมนตรี, หน่วย",5,1974-01-01,1974,2517,หน่วยราชการ/รัฐวิสาหกิจ
11,"วิทยาการ, เศรษฐกิจ, ทรัพยากร, หน่วย, สนับสนุนการ",3,1974-01-01,1974,2517,หน้าที่บุคคล/ส่งเสริมรัฐ
12,"เลื่อน, สาขา, บรรจุ, เดือน, ศาล",4,1974-01-01,1974,2517,ศาลยุติธรรม/ศาลปกครอง
13,"ตีความ, เสียง, ศาลปกครอง, ศาลยุติธรรม, ตุลาการ",3,1974-01-01,1974,2517,การตีความ/รัฐสภาสองสภา
14,"อภัยโทษ, พระราชทาน, พระราชอำนาจ, พระมหากษัตริย์, เสียง",1,1974-01-01,1974,2517,พระราชอำนาจ/พระราชกฤษฎีกา
15,"พระราชอำนาจ, พระราชกฤษฎีกา, ขัด, ตรา, อภัยโทษ",6,1974-01-01,1974,2517,สัญชาติ/คุณสมบัติเลือกตั้ง
16,"จ่าย, งบ, รับผิดชอบ, โอน, นโยบาย",2,1974-01-01,1974,2517,งบประมาณ/การคลัง
17,"คุมขัง, งบ, จ่าย, หา, จำเลย",5,1974-01-01,1974,2517,คดีอาญา/สิทธิผู้ต้องหา
18,"เอกสิทธิ์, แถลง, เท็จจริง, คิดเห็น, คุมขัง",2,1974-01-01,1974,2517,เอกสิทธิ์การประชุมสภา
19,"เอกสิทธิ์, คุ้มครอง, แถลง, เท็จจริง, คิดเห็น",9,1974-01-01,1974,2517,แรงงาน/เกษตรกร
20,"พระปรมาภิไธย, พระราชทาน, ประชามติ, ราชกิจจานุเบกษา, ทูลเกล้า",3,1974-01-01,1974,2517,ร่างพระราชบัญญัติ/งบประมาณ
21,"ปล่อย, พระราชทาน, พระปรมาภิไธย, สอบสวน, คืน",3,1974-01-01,1974,2517,สอบสวน/ปล่อยตัว
22,"กรรมาธิการ, ปล่อย, สภา, พระราชบัญญัติ, สอบสวน",1,1974-01-01,1974,2517,ร่างพระราชบัญญัติ/งบประมาณ
23,"ล้มล้าง, ระบอบ, ศาสนา, ปฏิปักษ์, ชาติ",4,1974-01-01,1974,2517,ระบอบประชาธิปไตย
24,"อภิปราย, ระบอบ, ประชาธิปไตย, ทั่วไป, ประมุข",3,1974-01-01,1974,2517,อภิปรายไม่ไว้วางใจ
25,"ไว้วางใจ, ประชุม, อภิปราย, องค์ประชุม, จำนวน",4,1974-01-01,1974,2517,ประชุมลับ
26,"ประชุม, ค้าน, ลับ, จำนวน, ต่ำ",2,1974-01-01,1974,2517,คณะปฏิวัติ/รัฐประหาร
27,"รัฐมนตรี, รับสนอง, นาม, นายก, พระบรมราชโองการ",2,1974-01-01,1974,2517,ครม./นายกรัฐมนตรี
28,"เขต, เลือกตั้งแต่ละ, เลือกตั้ง, ลับ, คะแนน",1,1974-01-01,1974,2517,เลือกตั้ง/พรรคการเมือง
29,"อัยการศึก, กฎ, สมัคร, เลือกตั้ง, บัญชี",3,1974-01-01,1974,2517,ภาวะฉุกเฉิน/อัยการศึก
30,"เท่าเทียม, เสมอ, คุ้มครอง, อัยการศึก, บุคคล",1,1974-01-01,1974,2517,30_สภาผู้แทน_เท่าเทียม_เสมอ_ศิลปะ
31,"ส่งเสริม, ยุติธรรม, นานา, ที่ดิน, รัฐ",5,1974-01-01,1974,2517,ความสัมพันธ์ระหว่างประเทศ
32,"โทษ, คดี, ฐาน, ธรรมดา, หนัก",3,1974-01-01,1974,2517,32_คดี_ฐาน_โทษ_ศาล
33,"สัญชาติ, คดี, ฐาน, โทษ, ไทย",2,1974-01-01,1974,2517,สัญชาติ/คุณสมบัติเลือกตั้ง
34,"ปลัด, เทียบเท่า, กระทรวง, อธิบดี, ตำแหน่ง",4,1974-01-01,1974,2517,34_ปลัด_พลเรือน_กระทรวง_พ้น
35,"บูรณภาพ, เอกราช, อาณาเขต, ครอบครัว, เงื่อนไข",4,1974-01-01,1974,2517,35_ครอบครัว_อบรม_บุคคล_เงื่อนไข
36,"ประธาน, รอง, อำนาจ, กิจการ, รัฐสภา",2,1974-01-01,1974,2517,ประธาน/รองประธานสภา
37,"ยี่, ประธาน, ร้อย, ดำเนิน, รอง",2,1974-01-01,1974,2517,37_ตุลาการ_แต่งตั้ง_เลือกตั้ง_ดำเนิน
38,"ยุบ, เลือกตั้ง, พระราชกฤษฎีกา, ทั่วไป, ราชอาณาจักร",2,1974-01-01,1974,2517,พระราชอำนาจ/พระราชกฤษฎีกา
39,"พระมหา, กษัตริย์, รอง, สภา, ประธาน",2,1974-01-01,1974,2517,ประธาน/รองประธานสภา
40,"รอง, องคมนตรี, ประธาน, คน, สภา",2,1974-01-01,1974,2517,องคมนตรี
41,"องคมนตรี, พระราชบัญญัติ, ร่าง, พิจารณาร่าง, นาม",2,1974-01-01,1974,2517,ร่างพระราชบัญญัติ/งบประมาณ
42,"พาณิชยกรรม, ส่งเสริม, การกีฬา, สนับสนุน, อุตสาหกรรม",4,1974-01-01,1974,2517,42_อากร_ภาษี_อุตสาหกรรม_สนับสนุน
43,"ท้องถิ่น, หัวหน้า, ลับ, บริหาร, วิธี",2,1974-01-01,1974,2517,ลงคะแนน/ประชามติ
44,"สินทรัพย์, รายการ, หนี้สิน, อนุโลม, วิธี",2,1974-01-01,1974,2517,ถวายสัตย์ปฏิญาณ
45,"ประชุม, อนุโลม, วาระ, เสียง, ข้อ",1,1974-01-01,1974,2517,ลงคะแนน/ประชามติ
46,"เงิน, กู้, วาระ, ร่าง, เกี่ยว",1,1974-01-01,1974,2517,ร่างพระราชบัญญัติ/งบประมาณ
48,"ช่วยเหลือ, ราชการ, บุคคล, สั่ง, รักษาความ",1,1974-01-01,1974,2517,การร้องเรียน/ทุกข์
49,"สื่อสาร, เคหสถาน, ช่วยเหลือ, ครอบครอง, อาศัย",2,1974-01-01,1974,2517,49_สื่อสาร_เคหสถาน_ครอบครอง_อาศัย
50,"พระราชหัตถเลขา, รับสนอง, นาม, เว้น, สื่อสาร",1,1974-01-01,1974,2517,50_พระราชหัตถเลขา_พระบรมราชโองการ_นาม_รับสนอง
51,"พระราชหัตถเลขา, พระบรมราชโองการ, นาม, รับสนอง, เวนคืน",1,1974-01-01,1974,2517,51_อสังหาริมทรัพย์_เวนคืน_คืน_เจ้าของ
53,"เขต, จังหวัด, แบ่ง, คน, เลือกตั้ง",2,1974-01-01,1974,2517,เลือกตั้งเขต/ราษฎร
54,"จรรยาบรรณ, เขต, จังหวัด, ราษฎร, เรียบร้อย",1,1974-01-01,1974,2517,54_เรียบร้อย_ปรึกษา_อภิปราย_กรรมาธิการ
56,"พระพุทธเจ้า, ปฏิญาณ, ถวาย, จงรักภักดี, สัตย์",2,1974-01-01,1974,2517,ถวายสัตย์ปฏิญาณ
57,"ปฏิญาณ, พระพุทธเจ้า, จงรักภักดี, ถ้อยคำ, สัตย์",2,1974-01-01,1974,2517,ถวายสัตย์ปฏิญาณ
58,"ปฏิญาณ, ตอบ, เรื่อง, กระทู้, ถาม",1,1974-01-01,1974,2517,58_ถาม_ตอบ_กระทู้_เรื่อง
59,"พระราชอำนาจ, แนะนำ, พระราชกฤษฎีกา, รัฐมนตรี, ถาม",2,1974-01-01,1974,2517,59_แนะนำ_พระราชอำนาจ_นิติบัญญัติ_อำนาจ
61,"ใบ้, หนวก, หู, ภิกษุ, สามเณร",2,1974-01-01,1974,2517,61_บวช_พรต_ภิกษุ_สามเณร
62,"ป้องกัน, ประเทศ, พิพากษา, ตุลาการ, เมือง",2,1974-01-01,1974,2517,62_อภัยโทษ_ป้องกัน_พระราชทาน_พระราชอำนาจ
63,"ศึกษา, อภัยโทษ, ป้องกัน, อบรม, สถาน",3,1974-01-01,1974,2517,63_ศึกษา_อบรม_สถาน_รัฐ
65,"อาณาจักรไทย, ชั่วคราว, อนุมัติ, ราช, กาล",1,1974-01-01,1974,2517,65_อนุมัติ_พระราชกำหนด_สาธารณะ_ปัด
66,"รอง, อนุมัติ, พระราชกำหนด, ตำแหน่ง, ประธาน",2,1974-01-01,1974,2517,พระราชอำนาจ/พระราชกฤษฎีกา
68,"กราบบังคมทูล, ยื่น, ร้อง, พระบรมราชโองการ, สอง",1,1974-01-01,1974,2517,68_กราบบังคมทูล_พระบรมราชโองการ_วิสามัญ_ยื่น
70,"ถัด, ราชกิจจานุเบกษา, วิชาการ, พลเมือง, ขัด",2,1974-01-01,1974,2517,สัญชาติ/คุณสมบัติเลือกตั้ง
71,"มหากษัตริย์, อธิปไตย, ปวงชน, ประมุข, อรรถคดี",1,1974-01-01,1974,2517,อำนาจอธิปไตย/ประมุข
72,"อธิปไตย, ประมุข, อำนาจ, ชน, ปวง",2,1974-01-01,1974,2517,72_ตรา_พระราชกำหนด_อากร_ด่วน
73,"มณเทียรบาล, พระพุทธศักราช, สืบราชสันตติวงศ์, สืบราช, สันตติวงศ์",1,1974-01-01,1974,2517,การสืบราชสมบัติ
74,"เดือน, ประจำ, ราชการ, เงิน, เมือง",3,1974-01-01,1974,2517,74_เดือน_ประจำ_ราชการ_เมือง
75,"อำนาจบ, เดือน, นิติบัญญัติ, ประจำ, ราชการ",3,1974-01-01,1974,2517,75_อำนาจ_พระมหากษัตริย์_อำนาจบ_นิติบัญญัติ
76,"อำนาจ, พระมหากษัตริย์, อำนาจบ, นิติบัญญัติ, ศาล",1,1974-01-01,1974,2517,76_พรรค_เมือง_ลา_ภาพ
77,"รัฐมนตรี, คณะ, บริหาร, ตำแหน่ง, แผ่นดิน",1,1974-01-01,1974,2517,77_ตำแหน่ง_องคมนตรี_ดำรง_แผ่นดิน
78,"พระราชดำริ, ประชามติ, พระบรมราชโองการ, ประชาชน, ทูลเกล้าฯ",1,1974-01-01,1974,2517,ลงคะแนน/ประชามติ
2,"แทน, สนอง, ยกเลิก, สัญญา, ว่าง",2,1975-01-01,1975,2518,ตำแหน่งว่าง/แต่งตั้งแทน
26,"ประชุม, ต่ำ, ชำนาญ, ลับ, วิชาการ",1,1975-01-01,1975,2518,คณะปฏิวัติ/รัฐประหาร
64,"ศึกษา, อบรม, สถาน, รัฐ, บำรุง",1,1975-01-01,1975,2518,64_อาณาจักรไทย_ชั่วคราว_ราช_กาล
69,"ถัด, ราชกิจจานุเบกษา, กราบบังคมทูล, พระบรมราชโองการ, วิสามัญ",1,1975-01-01,1975,2518,69_ถัด_ราชกิจจานุเบกษา_ชอบ_รัฐสภา
3,"ปฏิรูปการปกครอง, วินิจฉัย, ประเพณี, แผ่นดิน, วง",1,1976-01-01,1976,2519,ศาลรัฐธรรมนูญ
7,"จอมทัพ, เคารพ, ดำรง, ละเมิด, ฟ้องร้อง",2,1976-01-01,1976,2519,พระราชสถานะ/จอมทัพ
14,"พระราชกฤษฎีกา, พระราชอำนาจ, ขัด, ตรา, พระมหากษัตริย์",1,1976-01-01,1976,2519,พระราชอำนาจ/พระราชกฤษฎีกา
16,"ที่ปรึกษา, นายก, แนว, มั่นคง, คณะปฏิรูปการปกครอง",1,1976-01-01,1976,2519,งบประมาณ/การคลัง
18,"เอกสิทธิ์, ปฏิรูปการปกครอง, โฆษณา, ถ้อยคำ, ฟ้องร้อง",1,1976-01-01,1976,2519,เอกสิทธิ์การประชุมสภา
21,"ฟ้อง, งด, ขัง, มูล, พระราชทาน",1,1976-01-01,1976,2519,สอบสวน/ปล่อยตัว
23,"ประชาธิปไตย, ระบอบ, ประมุข, ปกครอง, ประเทศไทย",2,1976-01-01,1976,2519,ระบอบประชาธิปไตย
26,"ปฏิรูปการปกครอง, ประชุม, ลับ, สภา, แผ่นดิน",2,1976-01-01,1976,2519,คณะปฏิวัติ/รัฐประหาร
27,"พระมหา, กษัตริย์, นายก, แต่งตั้ง, รัฐมนตรี",1,1976-01-01,1976,2519,ครม./นายกรัฐมนตรี
39,"ปฏิรูปการปกครอง, คน, สภา, รอง, ยุบ",1,1976-01-01,1976,2519,ประธาน/รองประธานสภา
40,"องคมนตรี, รอง, ประธาน, คน, สภา",1,1976-01-01,1976,2519,องคมนตรี
45,"ปฏิรูปการปกครอง, ประชุม, อนุโลม, วาระ, เสียง",1,1976-01-01,1976,2519,ลงคะแนน/ประชามติ
46,"ปฏิรูปการปกครอง, วิสามัญ, ร่าง, วินิจฉัย, พระราชบัญญัติ",1,1976-01-01,1976,2519,ร่างพระราชบัญญัติ/งบประมาณ
47,"คณะปฏิรูปการปกครอง, สั่ง, แผ่นดิน, นายก, ทำลาย",2,1976-01-01,1976,2519,47_สั่ง_รักษาความ_สงบแห่ง_หัวหน้า
50,"โองการ, พระบรมราช, พระราชหัตถเลขา, สื่อสาร, เคหสถาน",1,1976-01-01,1976,2519,50_พระราชหัตถเลขา_พระบรมราชโองการ_นาม_รับสนอง
54,"ปฏิรูปการปกครอง, กระทู้, เขต, จังหวัด, อำนาจ",1,1976-01-01,1976,2519,54_เรียบร้อย_ปรึกษา_อภิปราย_กรรมาธิการ
59,"บวิหาร, อำนาจ, ถาม, นิติบัญญัติ, ปฏิรูปการปกครอง",2,1976-01-01,1976,2519,59_แนะนำ_พระราชอำนาจ_นิติบัญญัติ_อำนาจ
61,"แบ่งแยก, ประเทศไทย, ราชอาณาจักร, เสรีภาพ, คุ้มครอง",1,1976-01-01,1976,2519,61_บวช_พรต_ภิกษุ_สามเณร
65,"ราช, อาณาจักรไทย, ชั่วคราว, กาล, นาม",1,1976-01-01,1976,2519,65_อนุมัติ_พระราชกำหนด_สาธารณะ_ปัด
71,"อธิปไตย, ประมุข, ชน, ปวง, อรรถคดี",1,1976-01-01,1976,2519,อำนาจอธิปไตย/ประมุข
77,"ปฏิรูปการปกครอง, แผ่นดิน, ที่ปรึกษา, เอกสิทธิ์, สภา",1,1976-01-01,1976,2519,77_ตำแหน่ง_องคมนตรี_ดำรง_แผ่นดิน
3,"วินิจฉัย, ชี้ขาด, ธรรมนูญ, สภานิติบัญญัติแห่งชาติ, นิติบัญญัติแห่งชาติ",2,1977-01-01,1977,2520,ศาลรัฐธรรมนูญ
4,"สถานโยบายแห่ง, ชาติ, ปฏิวัติ, รอง, เลขาธิการ",1,1977-01-01,1977,2520,สรรหากรรมการตรวจเงินแผ่นดิน
5,"สภานโยบาย, สภานโยบายแห่ง, บัญ, ปัญหา, ชาติ",1,1977-01-01,1977,2520,ศาลรัฐธรรมนูญ
7,"พระประมุข, จอมทัพ, แบ่งแยก, เคารพ, ดำรง",2,1977-01-01,1977,2520,พระราชสถานะ/จอมทัพ
14,"พระราชกฤษฎีกา, พระราชอำนาจ, ขัด, ตรา, พระมหากษัตริย์",1,1977-01-01,1977,2520,พระราชอำนาจ/พระราชกฤษฎีกา
18,"สภานิติบัญญัติแห่งชาติ, เอกสิทธิ์, อาญา, ขัง, คุมขัง",1,1977-01-01,1977,2520,เอกสิทธิ์การประชุมสภา
25,"องค์ประชุม, ต่ำ, สภานิติบัญญัติแห่งชาติ, ประชุม, จำนวน",1,1977-01-01,1977,2520,ประชุมลับ
26,"สภานิติบัญญัติแห่งชาติ, สภานโยบายแห่ง, ประชุม, ลับ, จำนวน",2,1977-01-01,1977,2520,คณะปฏิวัติ/รัฐประหาร
27,"นโยบายแห่ง, กราบบังคมทูล, นายก, รัฐมนตรี, แต่งตั้ง",1,1977-01-01,1977,2520,ครม./นายกรัฐมนตรี
30,"สภานโยบาย, นโยบายแห่ง, แห่งชาติ, อัยการศึก, รัฐมนตรี",1,1977-01-01,1977,2520,30_สภาผู้แทน_เท่าเทียม_เสมอ_ศิลปะ
39,"คน, สภา, รอง, สภานิติบัญญัติแห่งชาติ, ยุบ",1,1977-01-01,1977,2520,ประธาน/รองประธานสภา
40,"รอง, คน, ประธาน, องคมนตรี, สภา",2,1977-01-01,1977,2520,องคมนตรี
45,"วาระ, ประชุม, สภานิติบัญญัติแห่งชาติ, ข้อ, อนุโลม",1,1977-01-01,1977,2520,ลงคะแนน/ประชามติ
47,"ปฏิวัติ, สั่ง, ทำลาย, เงิน, นายก",2,1977-01-01,1977,2520,47_สั่ง_รักษาความ_สงบแห่ง_หัวหน้า
50,"พระราชหัตถเลขา, พระบรมราชโองการ, รับสนอง, นาม, สื่อสาร",1,1977-01-01,1977,2520,50_พระราชหัตถเลขา_พระบรมราชโองการ_นาม_รับสนอง
54,"เขต, จังหวัด, เรียบร้อย, ราษฎร, ชี้แจง",1,1977-01-01,1977,2520,54_เรียบร้อย_ปรึกษา_อภิปราย_กรรมาธิการ
59,"แนะนำ, ถาม, อำนาจ, ถวาย, ตอบ",2,1977-01-01,1977,2520,59_แนะนำ_พระราชอำนาจ_นิติบัญญัติ_อำนาจ
65,"อาณาจักรไทย, ชั่วคราว, พระราชกำหนด, ราช, กาล",1,1977-01-01,1977,2520,65_อนุมัติ_พระราชกำหนด_สาธารณะ_ปัด
71,"อธิปไตย, อรรถคดี, ประมุข, ชน, ธรรมนูญ",1,1977-01-01,1977,2520,อำนาจอธิปไตย/ประมุข
1,"รับผิดชอบ, นโยบาย, เจ้าพนักงาน, คณะตุลาการรัฐธรรมนูญ, เนื่อง",6,1978-01-01,1978,2521,สิทธิทางกฎหมาย/วิธีพิจารณา
2,"สลาก, เศษ, จำนวน, แต่งตั้ง, ว่าง",5,1978-01-01,1978,2521,ตำแหน่งว่าง/แต่งตั้งแทน
3,"คณะตุลาการรัฐธรรมนูญ, ศาล, ทางการ, เช่, น",1,1978-01-01,1978,2521,ศาลรัฐธรรมนูญ
5,"คณะตุลาการรัฐธรรมนูญ, วินิจฉัย, ร้อง, สมาชิก, สรรหา",4,1978-01-01,1978,2521,ศาลรัฐธรรมนูญ
6,"สภานิติบัญญัติแห่งชาติ, ธรรมนูญ, ยกเลิก, ราชอาณาจักร, สภานิติบัญญัติ",4,1978-01-01,1978,2521,6_สนอง_ประเภท_ธรรมนูญ_พระบรมราชโองการ
7,"จอมทัพ, กำเนิด, ไทย, เคารพ, ดำรง",3,1978-01-01,1978,2521,พระราชสถานะ/จอมทัพ
8,"จอมทัพ, เคารพ, ละเมิด, ดำรง, คุก",3,1978-01-01,1978,2521,คุณสมบัติต้องห้าม/พ้นตำแหน่ง
9,"สำเร็จ, พระองค์, องคมนตรี, แทน, คุก",4,1978-01-01,1978,2521,การสืบราชสมบัติ
10,"พระองค์, สำเร็จ, ราชการ, รัฐวิสาหกิจ, องคมนตรี",3,1978-01-01,1978,2521,หน่วยราชการ/รัฐวิสาหกิจ
11,"สังคม, เศรษฐกิจ, สติปัญญา, มั่นคง, รัฐ",2,1978-01-01,1978,2521,หน้าที่บุคคล/ส่งเสริมรัฐ
12,"เลื่อน, ศาลยุติธรรม, ตุลาการ, พิพากษา, เดือน",3,1978-01-01,1978,2521,ศาลยุติธรรม/ศาลปกครอง
13,"ตีความ, เสียง, ศาลปกครอง, ศาลยุติธรรม, ตุลาการ",4,1978-01-01,1978,2521,การตีความ/รัฐสภาสองสภา
14,"พระราชกฤษฎีกา, พระราชอำนาจ, ขัด, ตรา, พระมหากษัตริย์",1,1978-01-01,1978,2521,พระราชอำนาจ/พระราชกฤษฎีกา
15,"พระราชอำนาจ, พระราชกฤษฎีกา, ขัด, อภัยโทษ, ตรา",3,1978-01-01,1978,2521,สัญชาติ/คุณสมบัติเลือกตั้ง
16,"จ่าย, งบ, โอน, ชดใช้, รีบ",1,1978-01-01,1978,2521,งบประมาณ/การคลัง
17,"จำเลย, อาญา, ทุนทรัพย์, พิพากษา, หา",3,1978-01-01,1978,2521,คดีอาญา/สิทธิผู้ต้องหา
18,"แถลง, เท็จจริง, คิดเห็น, เอกสิทธิ์, คุมขัง",2,1978-01-01,1978,2521,เอกสิทธิ์การประชุมสภา
19,"เอกสิทธิ์, ผลิต, เกษตรกร, แถลง, เท็จจริง",5,1978-01-01,1978,2521,แรงงาน/เกษตรกร
20,"พระราชทาน, พระปรมาภิไธย, คืน, ทูนเกล้า, ราชกิจจานุเบกษา",2,1978-01-01,1978,2521,ร่างพระราชบัญญัติ/งบประมาณ
21,"ปล่อย, พระราชทาน, พระปรมาภิไธย, สอบสวน, คืน",3,1978-01-01,1978,2521,สอบสวน/ปล่อยตัว
22,"กรรมาธิการ, ปล่อย, สภา, พิจารณา, พระราชบัญญัติ",1,1978-01-01,1978,2521,ร่างพระราชบัญญัติ/งบประมาณ
23,"ระบอบ, ประชาธิปไตย, ศาสนา, บูรณภาพ, เอกราช",4,1978-01-01,1978,2521,ระบอบประชาธิปไตย
24,"อภิปราย, ไว้วางใจ, ระบอบ, ประชาธิปไตย, มติ",2,1978-01-01,1978,2521,อภิปรายไม่ไว้วางใจ
25,"ประชุม, ลับ, กึ่ง, จำนวน, อภิปราย",3,1978-01-01,1978,2521,ประชุมลับ
26,"ประชุม, ค้าน, จำนวน, ลับ, ต่ำ",2,1978-01-01,1978,2521,คณะปฏิวัติ/รัฐประหาร
27,"สี่, นายก, รัฐมนตรี, รับสนอง, นาม",1,1978-01-01,1978,2521,ครม./นายกรัฐมนตรี
28,"สมัคร, พรรค, เมือง, เลือกตั้ง, จำนวน",1,1978-01-01,1978,2521,เลือกตั้ง/พรรคการเมือง
29,"อัยการศึก, สมัคร, กฎ, เลือกตั้ง, บัญชี",3,1978-01-01,1978,2521,ภาวะฉุกเฉิน/อัยการศึก
30,"กรมอัยการ, อัยการศึก, เท่าเทียม, เสมอ, อธิบดี",3,1978-01-01,1978,2521,30_สภาผู้แทน_เท่าเทียม_เสมอ_ศิลปะ
31,"ส่งเสริม, สังคมสงเคราะห์, ศิลปะ, ยุติธรรม, สนับสนุนการ",4,1978-01-01,1978,2521,ความสัมพันธ์ระหว่างประเทศ
32,"โทษ, คดี, ฐาน, ธรรมดา, หนัก",3,1978-01-01,1978,2521,32_คดี_ฐาน_โทษ_ศาล
33,"คดี, ฐาน, โทษ, สัญชาติ, คุณสมบัติ",2,1978-01-01,1978,2521,สัญชาติ/คุณสมบัติเลือกตั้ง
34,"สมุหราชองครักษ์, พ้น, ตำแหน่ง, พลเรือน, ปลัด",3,1978-01-01,1978,2521,34_ปลัด_พลเรือน_กระทรวง_พ้น
35,"วัฒนธรรม, ครอบครัว, วิธีการ, เงื่อนไข, อบรม",5,1978-01-01,1978,2521,35_ครอบครัว_อบรม_บุคคล_เงื่อนไข
36,"ประธาน, รอง, อำนาจ, รัฐสภา, กิจการ",2,1978-01-01,1978,2521,ประธาน/รองประธานสภา
37,"ประธาน, ดำเนิน, รัฐสภา, รอง, แต่งตั้ง",3,1978-01-01,1978,2521,37_ตุลาการ_แต่งตั้ง_เลือกตั้ง_ดำเนิน
38,"ยุบ, เลือกตั้ง, พระราชกฤษฎีกา, ทั่วไป, ราช",2,1978-01-01,1978,2521,พระราชอำนาจ/พระราชกฤษฎีกา
39,"รอง, ประธาน, สภา, คน, ยุบ",2,1978-01-01,1978,2521,ประธาน/รองประธานสภา
40,"องคมนตรี, รอง, ประธาน, คน, สภา",2,1978-01-01,1978,2521,องคมนตรี
41,"องคมนตรี, พระราชบัญญัติ, จ่าย, ร่าง, นาม",2,1978-01-01,1978,2521,ร่างพระราชบัญญัติ/งบประมาณ
42,"เรื่องราว, ทุกข์, อากร, เงื่อนไข, ภาษี",3,1978-01-01,1978,2521,42_อากร_ภาษี_อุตสาหกรรม_สนับสนุน
43,"ท้องถิ่น, บริหาร, หลัก, อากร, ภาษี",2,1978-01-01,1978,2521,ลงคะแนน/ประชามติ
44,"อนุโลม, ข้อ, ประชุม, รัฐสภา, วุฒิสภา",1,1978-01-01,1978,2521,ถวายสัตย์ปฏิญาณ
45,"ประชุม, อนุโลม, วาระ, ข้อ, ญัตติ",1,1978-01-01,1978,2521,ลงคะแนน/ประชามติ
46,"เงิน, กู้, วาระ, เสนอ, ร่าง",1,1978-01-01,1978,2521,ร่างพระราชบัญญัติ/งบประมาณ
47,"นายก, ทำลาย, สั่ง, สั่งการ, รัฐมนตรี",1,1978-01-01,1978,2521,47_สั่ง_รักษาความ_สงบแห่ง_หัวหน้า
48,"ช่วยเหลือ, ราชการ, บุคคล, สั่ง, รักษาความ",1,1978-01-01,1978,2521,การร้องเรียน/ทุกข์
49,"สื่อสาร, ช่วยเหลือ, อาศัย, บุคคล, ครอบครอง",3,1978-01-01,1978,2521,49_สื่อสาร_เคหสถาน_ครอบครอง_อาศัย
50,"พระราชหัตถเลขา, พระบรมราชโองการ, รับสนอง, นาม, สื่อสาร",1,1978-01-01,1978,2521,50_พระราชหัตถเลขา_พระบรมราชโองการ_นาม_รับสนอง
51,"พระราชหัตถเลขา, พระบรมราชโองการ, นาม, รับสนอง, เวนคืน",1,1978-01-01,1978,2521,51_อสังหาริมทรัพย์_เวนคืน_คืน_เจ้าของ
53,"หมื่น, แสน, เขต, จังหวัด, ราษฎร",1,1978-01-01,1978,2521,เลือกตั้งเขต/ราษฎร
54,"เขต, จังหวัด, เรียบร้อย, อภิปราย, ราษฎร",1,1978-01-01,1978,2521,54_เรียบร้อย_ปรึกษา_อภิปราย_กรรมาธิการ
56,"พระพุทธเจ้า, ปฏิญาณ, สัตย์, ถวาย, จงรักภักดี",2,1978-01-01,1978,2521,ถวายสัตย์ปฏิญาณ
57,"ปฏิญาณ, ซื่อสัตย์สุจริต, พระพุทธเจ้า, จงรักภักดี, ถ้อยคำ",2,1978-01-01,1978,2521,ถวายสัตย์ปฏิญาณ
58,"ปฏิญาณ, ตอบ, เรื่อง, กระทู้, ถาม",1,1978-01-01,1978,2521,58_ถาม_ตอบ_กระทู้_เรื่อง
59,"แนะนำ, พระราชอำนาจ, รัฐมนตรี, ถวาย, นายก",1,1978-01-01,1978,2521,59_แนะนำ_พระราชอำนาจ_นิติบัญญัติ_อำนาจ
61,"หนวก, หู, ใบ, ภิกษุ, พรต",2,1978-01-01,1978,2521,61_บวช_พรต_ภิกษุ_สามเณร
62,"อภัยโทษ, พระราชทาน, ป้องกัน, พระราชอำนาจ, ประเทศ",2,1978-01-01,1978,2521,62_อภัยโทษ_ป้องกัน_พระราชทาน_พระราชอำนาจ
63,"อภัยโทษ, ศึกษา, ป้องกัน, อบรม, สถาน",2,1978-01-01,1978,2521,63_ศึกษา_อบรม_สถาน_รัฐ
65,"อาณาจักรไทย, ชั่วคราว, อนุมัติ, ราช, กาล",1,1978-01-01,1978,2521,65_อนุมัติ_พระราชกำหนด_สาธารณะ_ปัด
66,"รอง, อนุมัติ, พระราชกำหนด, ประธาน, อย่อม",2,1978-01-01,1978,2521,พระราชอำนาจ/พระราชกฤษฎีกา
67,"รอง, ดำรง, ตำแหน่ง, ประธาน, ค้าน",1,1978-01-01,1978,2521,67_เลข_แก้_ตำแหน่ง_องคมนตรี
68,"กราบบังคมทูล, พระบรมราชโองการ, วิสามัญ, ว, ร้องขอ",1,1978-01-01,1978,2521,68_กราบบังคมทูล_พระบรมราชโองการ_วิสามัญ_ยื่น
70,"ถัด, ราชกิจจานุเบกษา, บุคคล, สมาชิก, วุฒิสภา",1,1978-01-01,1978,2521,สัญชาติ/คุณสมบัติเลือกตั้ง
71,"อธิปไตย, อรรถคดี, ประมุข, ชน, ปวง",1,1978-01-01,1978,2521,อำนาจอธิปไตย/ประมุข
72,"อธิปไตย, ประมุข, อำนาจ, ชน, ปวง",1,1978-01-01,1978,2521,72_ตรา_พระราชกำหนด_อากร_ด่วน
73,"มณเทียรบาล, ราชสันตติวงศ์, สืบ, พระพุทธศักราช, กฎ",1,1978-01-01,1978,2521,การสืบราชสมบัติ
74,"เดือน, ประจำ, ราชการ, เมือง, เงิน",2,1978-01-01,1978,2521,74_เดือน_ประจำ_ราชการ_เมือง
76,"อำนาจ, พระมหากษัตริย์, อำนาจบ, นิติบัญญัติ, ศาล",1,1978-01-01,1978,2521,76_พรรค_เมือง_ลา_ภาพ
77,"สถานโยบายแห่ง, แนว, ในวรรค, ดำรง, ทำ",3,1978-01-01,1978,2521,77_ตำแหน่ง_องคมนตรี_ดำรง_แผ่นดิน
37,"ป, พลเอก, ประธาน, ทั่วไป, รอง",1,1985-01-01,1985,2528,37_ตุลาการ_แต่งตั้ง_เลือกตั้ง_ดำเนิน
53,"เขต, จังหวัด, หมื่น, แสน, แบ่ง",3,1985-01-01,1985,2528,เลือกตั้งเขต/ราษฎร
64,"ศึกษา, อบรม, สถาน, รัฐ, บำรุง",1,1985-01-01,1985,2528,64_อาณาจักรไทย_ชั่วคราว_ราช_กาล
69,"ถัด, ราชกิจจานุเบกษา, กราบบังคมทูล, พระบรมราชโองการ, วิสามัญ",1,1985-01-01,1985,2528,69_ถัด_ราชกิจจานุเบกษา_ชอบ_รัฐสภา
6,"ก้าวหน้า, ประธาน, รัฐสภา, พลเอก, ปกครองในระบอบประชาธิปไตย",1,1989-01-01,1989,2532,6_สนอง_ประเภท_ธรรมนูญ_พระบรมราชโองการ
30,"ถัด, ราชกิจจานุเบกษา, ทั่วไป, อัยการศึก, เลือกตั้ง",1,1989-01-01,1989,2532,30_สภาผู้แทน_เท่าเทียม_เสมอ_ศิลปะ
36,"รัฐสภา, รอง, ประธาน, ยกเลิก, อำนาจ",1,1989-01-01,1989,2532,ประธาน/รองประธานสภา
64,"ศึกษา, อบรม, สถาน, รัฐ, บำรุง",1,1989-01-01,1989,2532,64_อาณาจักรไทย_ชั่วคราว_ราช_กาล
1,"ท้องถิ่น, บริหาร, เจ้าพนักงาน, เป็นอยู่, เกียรติยศ",7,1991-01-01,1991,2534,สิทธิทางกฎหมาย/วิธีพิจารณา
2,"สลาก, หก, แต่งตั้ง, ว่าง, ตำแหน่ง",5,1991-01-01,1991,2534,ตำแหน่งว่าง/แต่งตั้งแทน
3,"ว่าง, วินิจฉัย, คณะตุลาการรัฐธรรมนูญ, ปัญหา, ศาล",5,1991-01-01,1991,2534,ศาลรัฐธรรมนูญ
4,"สงบเรียบร้อยแห่ง, สงบเรียบร้อยแห่งชาติ, ชาติ, วินิจฉัย, รักษา",2,1991-01-01,1991,2534,สรรหากรรมการตรวจเงินแผ่นดิน
5,"คณะตุลาการรัฐธรรมนูญ, วินิจฉัย, สรรหา, จำนวน, สมาชิก",7,1991-01-01,1991,2534,ศาลรัฐธรรมนูญ
6,"ธรรมนูญ, สภานิติ, บัญญัติแห่งชาติ, สภานิติบัญญัติ, สภานิติบัญญัติแห่งชาติ",3,1991-01-01,1991,2534,6_สนอง_ประเภท_ธรรมนูญ_พระบรมราชโองการ
7,"จอมทัพ, เคารพ, ดำรง, ละเมิด, ฟ้องร้อง",5,1991-01-01,1991,2534,พระราชสถานะ/จอมทัพ
8,"จอมทัพ, เคารพ, คุก, ละเมิด, ดำรง",4,1991-01-01,1991,2534,คุณสมบัติต้องห้าม/พ้นตำแหน่ง
9,"สำเร็จ, พระองค์, องคมนตรี, คุก, แทน",5,1991-01-01,1991,2534,การสืบราชสมบัติ
10,"พระองค์, สำเร็จ, ราชการ, รัฐวิสาหกิจ, หน่วย",4,1991-01-01,1991,2534,หน่วยราชการ/รัฐวิสาหกิจ
11,"วิทยาการ, หน่วย, รัฐพึง, รัฐวิสาหกิจ, เร่งรัด",3,1991-01-01,1991,2534,หน้าที่บุคคล/ส่งเสริมรัฐ
12,"เลื่อน, ศาลยุติธรรม, เดือน, ตุลาการ, บรรจุ",2,1991-01-01,1991,2534,ศาลยุติธรรม/ศาลปกครอง
13,"เสียง, ตุลาการ, ศาลปกครอง, ศาลยุติธรรม, เลื่อน",5,1991-01-01,1991,2534,การตีความ/รัฐสภาสองสภา
14,"พระราชอำนาจ, พระราชกฤษฎีกา, อภัยโทษ, ขัด, ตรา",3,1991-01-01,1991,2534,พระราชอำนาจ/พระราชกฤษฎีกา
15,"พระราชอำนาจ, พระราชกฤษฎีกา, ขัด, อภัยโทษ, ตรา",3,1991-01-01,1991,2534,สัญชาติ/คุณสมบัติเลือกตั้ง
16,"จ่าย, งบ, สงบเรียบร้อยแห่งชาติ, นโยบาย, เสรีภาพ",3,1991-01-01,1991,2534,งบประมาณ/การคลัง
17,"จำเลย, อาญา, หา, คดี, ทนายความ",3,1991-01-01,1991,2534,คดีอาญา/สิทธิผู้ต้องหา
18,"เอกสิทธิ์, ถ้อยคำ, คุมขัง, อาญา, วิทยุ",4,1991-01-01,1991,2534,เอกสิทธิ์การประชุมสภา
19,"เอกสิทธิ์, เกษตรกร, แถลง, แรงงาน, เท็จจริง",6,1991-01-01,1991,2534,แรงงาน/เกษตรกร
20,"พระราชทาน, พระปรมาภิไธย, คืน, ทูลเกล้า, มนตรี",2,1991-01-01,1991,2534,ร่างพระราชบัญญัติ/งบประมาณ
21,"ปล่อย, พระราชทาน, พระปรมาภิไธย, สอบสวน, คืน",3,1991-01-01,1991,2534,สอบสวน/ปล่อยตัว
22,"กรรมาธิการ, ปล่อย, สภา, พระราช, สอบสวน",1,1991-01-01,1991,2534,ร่างพระราชบัญญัติ/งบประมาณ
23,"ระบอบ, ประชาธิปไตย, อันมีพระมหากษัตริย์ทรงเป็นประมุข, เลื่อมใสศรัทธา, ศาสนา",4,1991-01-01,1991,2534,ระบอบประชาธิปไตย
24,"อภิปราย, ระบอบ, ประชาธิปไตย, ไว้วางใจ, ทั่วไป",3,1991-01-01,1991,2534,อภิปรายไม่ไว้วางใจ
25,"ประชุม, อภิปราย, จำนวน, ระเบียบวาระ, ลับ",3,1991-01-01,1991,2534,ประชุมลับ
26,"ประชุม, ลับ, จำนวน, ต่ำ, สภา",4,1991-01-01,1991,2534,คณะปฏิวัติ/รัฐประหาร
27,"รัฐมนตรี, รับสนอง, นายก, แต่งตั้ง, สงบเรียบร้อยแห่ง",4,1991-01-01,1991,2534,ครม./นายกรัฐมนตรี
28,"สมัคร, พรรค, เลือกตั้ง, เมือง, เขต",2,1991-01-01,1991,2534,เลือกตั้ง/พรรคการเมือง
29,"อัยการศึก, กฎ, สมัคร, เลือกตั้ง, บัญชี",3,1991-01-01,1991,2534,ภาวะฉุกเฉิน/อัยการศึก
30,"กุม, ครอง, ศิลปะ, อัยการศึก, วัฒนธรรม",3,1991-01-01,1991,2534,30_สภาผู้แทน_เท่าเทียม_เสมอ_ศิลปะ
31,"สังคมสงเคราะห์, เสมอภาค, ส่งเสริม, ชีวิต, ยุติธรรม",5,1991-01-01,1991,2534,ความสัมพันธ์ระหว่างประเทศ
32,"โทษ, คดี, ฐาน, หนัก, ศาล",3,1991-01-01,1991,2534,32_คดี_ฐาน_โทษ_ศาล
33,"คดี, ฐาน, โทษ, สัญชาติ, ศาล",2,1991-01-01,1991,2534,สัญชาติ/คุณสมบัติเลือกตั้ง
34,"ฟัน, สมุหราชองครักษ์, สัญชาติ, ตำแหน่ง, พลเรือน",3,1991-01-01,1991,2534,34_ปลัด_พลเรือน_กระทรวง_พ้น
35,"ธรรมชาติ, แวดล้อม, ทรัพยากร, เงื่อนไข, อบรม",4,1991-01-01,1991,2534,35_ครอบครัว_อบรม_บุคคล_เงื่อนไข
36,"ประธาน, มอบหมาย, รัฐสภา, รอง, อำนาจ",2,1991-01-01,1991,2534,ประธาน/รองประธานสภา
37,"ดำเนิน, ประธาน, ยี่, สามัญ, รัฐสภา",2,1991-01-01,1991,2534,37_ตุลาการ_แต่งตั้ง_เลือกตั้ง_ดำเนิน
38,"ยุบ, เลือกตั้ง, พระราชกฤษฎีกา, ทั่วไป, มหากษัตริย์",2,1991-01-01,1991,2534,พระราชอำนาจ/พระราชกฤษฎีกา
39,"รอง, ประธาน, สภา, คน, ยุบ",2,1991-01-01,1991,2534,ประธาน/รองประธานสภา
40,"รอง, องคมนตรี, ประธาน, คน, สภา",4,1991-01-01,1991,2534,องคมนตรี
41,"องคมนตรี, พระราชบัญญัติ, ร่าง, จ่าย, นาม",3,1991-01-01,1991,2534,ร่างพระราชบัญญัติ/งบประมาณ
42,"อากร, ภาษี, บุคคล, พระราชบัญญัติ, ร่าง",1,1991-01-01,1991,2534,42_อากร_ภาษี_อุตสาหกรรม_สนับสนุน
45,"ประชุม, วาระ, อนุโลม, ข้อ, คะแนน",2,1991-01-01,1991,2534,ลงคะแนน/ประชามติ
46,"เงิน, วาระ, กู้, เสนอ, ร่าง",1,1991-01-01,1991,2534,ร่างพระราชบัญญัติ/งบประมาณ
47,"สั่ง, สงบเรียบร้อยแห่ง, เงิน, รักษา, กู้",4,1991-01-01,1991,2534,47_สั่ง_รักษาความ_สงบแห่ง_หัวหน้า
48,"ท่องเที่ยว, การกีฬา, เรื่องราว, ทุกข์, วิธีการ",3,1991-01-01,1991,2534,การร้องเรียน/ทุกข์
49,"สื่อสาร, เคหสถาน, ช่วยเหลือ, อาศัย, บุคคล",3,1991-01-01,1991,2534,49_สื่อสาร_เคหสถาน_ครอบครอง_อาศัย
50,"พระราชหัตถเลขา, พระบรมราชโองการ, สื่อสาร, เคหสถาน, โองการ",2,1991-01-01,1991,2534,50_พระราชหัตถเลขา_พระบรมราชโองการ_นาม_รับสนอง
51,"พระราชหัตถเลขา, พระบรมราชโองการ, นาม, รับสนอง, อสังหาริมทรัพย์",2,1991-01-01,1991,2534,51_อสังหาริมทรัพย์_เวนคืน_คืน_เจ้าของ
53,"เขต, จังหวัด, ราษฎร, คน, แบ่ง",2,1991-01-01,1991,2534,เลือกตั้งเขต/ราษฎร
54,"เขต, จังหวัด, เรียบร้อย, ราษฎร, อภิปราย",2,1991-01-01,1991,2534,54_เรียบร้อย_ปรึกษา_อภิปราย_กรรมาธิการ
56,"พระพุทธเจ้า, ปฏิญาณ, สัตย์, ถวาย, จงรักภักดี",2,1991-01-01,1991,2534,ถวายสัตย์ปฏิญาณ
57,"ปฏิญาณ, พระพุทธเจ้า, จงรักภักดี, ถ้อยคำ, สัตย์",2,1991-01-01,1991,2534,ถวายสัตย์ปฏิญาณ
58,"ปฏิญาณ, ตอบ, กระทู้, ถาม, ประโยชน์",1,1991-01-01,1991,2534,58_ถาม_ตอบ_กระทู้_เรื่อง
59,"แนะนำ, ถวาย, รัฐมนตรี, ถาม, ตอบ",3,1991-01-01,1991,2534,59_แนะนำ_พระราชอำนาจ_นิติบัญญัติ_อำนาจ
60,"แนะนำ, พระราชอำนาจ, นิติบัญญัติ, อำนาจ, แข่งขัน",1,1991-01-01,1991,2534,60_เสรีภาพ_คุ้มครอง_สิทธิ_อาชีพ
61,"พรต, สามเณร, บวช, ภิกษุ, สม",2,1991-01-01,1991,2534,61_บวช_พรต_ภิกษุ_สามเณร
62,"พระราช, ป้องกัน, ศาล, ประเทศ, พิพากษา",3,1991-01-01,1991,2534,62_อภัยโทษ_ป้องกัน_พระราชทาน_พระราชอำนาจ
63,"อภัยโทษ, ป้องกัน, ศึกษา, อบรม, พระราชทาน",2,1991-01-01,1991,2534,63_ศึกษา_อบรม_สถาน_รัฐ
65,"อาณาจักรไทย, ชั่วคราว, ราช, กาล, นาม",2,1991-01-01,1991,2534,65_อนุมัติ_พระราชกำหนด_สาธารณะ_ปัด
66,"รอง, อนุมัติ, พระราชกำหนด, ประธาน, ตำแหน่ง",2,1991-01-01,1991,2534,พระราชอำนาจ/พระราชกฤษฎีกา
68,"กราบบังคมทูล, พระบรมราชโองการ, สนอง, วิสามัญ, ว",1,1991-01-01,1991,2534,68_กราบบังคมทูล_พระบรมราชโองการ_วิสามัญ_ยื่น
70,"ถัด, ราชกิจจานุเบกษา, บุคคล, สมาชิก, วุฒิสภา",1,1991-01-01,1991,2534,สัญชาติ/คุณสมบัติเลือกตั้ง
71,"อรรถคดี, อธิปไตย, ชน, พิพากษา, ปวง",2,1991-01-01,1991,2534,อำนาจอธิปไตย/ประมุข
72,"อธิปไตย, ประมุข, อำนาจ, ชน, ปวง",1,1991-01-01,1991,2534,72_ตรา_พระราชกำหนด_อากร_ด่วน
73,"สืบ, มณเฑียรบาล, ตรา, ราชสันตติวงศ์, ทราบ",2,1991-01-01,1991,2534,การสืบราชสมบัติ
74,"เดือน, ประจำ, ราชการ, เมือง, เงิน",2,1991-01-01,1991,2534,74_เดือน_ประจำ_ราชการ_เมือง
76,"อำนาจ, พระมหากษัตริย์, อำนาจบ, นิติบัญญัติ, ศาล",2,1991-01-01,1991,2534,76_พรรค_เมือง_ลา_ภาพ
77,"วาระ, ตามวรรค, แต่งตั้ง, สี่, สงบเรียบร้อยแห่งชาติ",3,1991-01-01,1991,2534,77_ตำแหน่ง_องคมนตรี_ดำรง_แผ่นดิน
6,"จักรไทย, อานันท์, นายกรัฐมนตรี, ราชอาณา, หมายเหตุ",2,1992-01-01,1992,2535,6_สนอง_ประเภท_ธรรมนูญ_พระบรมราชโองการ
13,"ข้อ, พลาง, ยกเลิก, ประชุม, รัฐสภา",1,1992-01-01,1992,2535,การตีความ/รัฐสภาสองสภา
36,"ประธาน, รัฐสภา, รอง, มอบหมาย, ครอบครัว",1,1992-01-01,1992,2535,ประธาน/รองประธานสภา
64,"ศึกษา, อบรม, สถาน, รัฐ, บำรุง",4,1992-01-01,1992,2535,64_อาณาจักรไทย_ชั่วคราว_ราช_กาล
69,"ถัด, ราชกิจจานุเบกษา, กราบบังคมทูล, พระบรมราชโองการ, วิสามัญ",4,1992-01-01,1992,2535,69_ถัด_ราชกิจจานุเบกษา_ชอบ_รัฐสภา
0,"กำกับ, หลักเกณฑ์, กรรมการการเลือกตั้ง, ดูแล, ยุติธรรม",1,1995-01-01,1995,2538,การไต่สวนผู้ดำรงตำแหน่ง
1,"รักษาพยาบาล, เจ้าพนักงาน, มูลค่า, นิติบุคคล, หนี้สิน",6,1995-01-01,1995,2538,สิทธิทางกฎหมาย/วิธีพิจารณา
2,"ว่าง, แต่งตั้ง, ตำแหน่ง, วาระ, สภาผู้แทนราษฎร",5,1995-01-01,1995,2538,ตำแหน่งว่าง/แต่งตั้งแทน
3,"คณะตุลาการรัฐธรรมนูญ, ศาล, ว่าง, วินิจฉัย, ทางการ",3,1995-01-01,1995,2538,ศาลรัฐธรรมนูญ
4,"คุณวุฒิสาขา, อัยการสูง, รัฐศาสตร์, ประธาน, นิติศาสตร์",1,1995-01-01,1995,2538,สรรหากรรมการตรวจเงินแผ่นดิน
5,"คณะตุลาการรัฐธรรมนูญ, วินิจฉัย, สรรหา, แจ้ง, จำนวน",6,1995-01-01,1995,2538,ศาลรัฐธรรมนูญ
6,"ประเด็น, คณะตุลาการรัฐธรรมนูญ, วินิจฉัย, ดำรง, ปรับปรุง",7,1995-01-01,1995,2538,6_สนอง_ประเภท_ธรรมนูญ_พระบรมราชโองการ
8,"จอมทัพ, เคารพ, ละเมิด, ดำรง, คุก",4,1995-01-01,1995,2538,คุณสมบัติต้องห้าม/พ้นตำแหน่ง
10,"พระองค์, สำเร็จ, หน่วย, ราชการ, สัมปทาน",5,1995-01-01,1995,2538,หน่วยราชการ/รัฐวิสาหกิจ
11,"วิทยาการ, หน่วย, รัฐพึง, พัฒนา, รัฐวิสาหกิจ",3,1995-01-01,1995,2538,หน้าที่บุคคล/ส่งเสริมรัฐ
12,"เลื่อน, ตุลาการ, ศาลปกครอง, ศาลยุติธรรม, เดือน",4,1995-01-01,1995,2538,ศาลยุติธรรม/ศาลปกครอง
13,"เสียง, ตุลาการ, ศาลปกครอง, ศาลยุติธรรม, ตุลาการรัฐธรรมนูญ",4,1995-01-01,1995,2538,การตีความ/รัฐสภาสองสภา
14,"ราชทาน, พระราชอำนาจ, อภัยโทษ, เสียง, พระราชกฤษฎีกา",3,1995-01-01,1995,2538,พระราชอำนาจ/พระราชกฤษฎีกา
15,"พระราชอำนาจ, พระราชกฤษฎีกา, ขัด, ตรา, อภัยโทษ",6,1995-01-01,1995,2538,สัญชาติ/คุณสมบัติเลือกตั้ง
16,"จ่าย, งบ, รับผิดชอบ, โอน, นโยบาย",2,1995-01-01,1995,2538,งบประมาณ/การคลัง
17,"คุมขัง, งบ, จ่าย, หา, จำเลย",6,1995-01-01,1995,2538,คดีอาญา/สิทธิผู้ต้องหา
18,"ถ้อยคำ, วิทยุ, เอกสิทธิ์, คุมขัง, อาญา",3,1995-01-01,1995,2538,เอกสิทธิ์การประชุมสภา
19,"เอกสิทธิ์, แถลง, เกษตรกร, เท็จจริง, น้ำ",7,1995-01-01,1995,2538,แรงงาน/เกษตรกร
20,"พระราชทาน, พระปรมาภิไธย, คืน, ทูลเกล้า, ราชกิจจานุเบกษา",2,1995-01-01,1995,2538,ร่างพระราชบัญญัติ/งบประมาณ
21,"ปล่อย, พระราชทาน, พระปรมาภิไธย, สอบสวน, คืน",3,1995-01-01,1995,2538,สอบสวน/ปล่อยตัว
22,"กรรมาธิการ, ปล่อย, สภา, พระราชบัญญัติ, สอบสวน",1,1995-01-01,1995,2538,ร่างพระราชบัญญัติ/งบประมาณ
23,"อันมีพระมหากษัตริย์ทรงเป็นประมุข, กรรมาธิการ, ประชาธิปไตย, ระบอบ, ร่าง",5,1995-01-01,1995,2538,ระบอบประชาธิปไตย
24,"อภิปราย, ไว้วางใจ, ระบอบ, ประชาธิปไตย, มติ",2,1995-01-01,1995,2538,อภิปรายไม่ไว้วางใจ
25,"ประชุม, อภิปราย, ลับ, จำนวน, องค์",2,1995-01-01,1995,2538,ประชุมลับ
26,"ประชุม, ลับ, จำนวน, ค้าน, ต่ำ",2,1995-01-01,1995,2538,คณะปฏิวัติ/รัฐประหาร
27,"โองการ, พระบรมราช, นายก, รัฐมนตรี, แปด",1,1995-01-01,1995,2538,ครม./นายกรัฐมนตรี
28,"สมัคร, พรรค, เลือกตั้ง, เขต, เมือง",2,1995-01-01,1995,2538,เลือกตั้ง/พรรคการเมือง
29,"อัยการศึก, กฎ, สมัคร, เลือกตั้ง, บัญชี",3,1995-01-01,1995,2538,ภาวะฉุกเฉิน/อัยการศึก
30,"สังคมสงเคราะห์, ศิลปะ, อัยการศึก, ส่งเสริม, วัฒนธรรม",6,1995-01-01,1995,2538,30_สภาผู้แทน_เท่าเทียม_เสมอ_ศิลปะ
31,"เท่าเทียม, ชีวิต, ยุติธรรม, สัมพันธไมตรี, เสมอภาค",3,1995-01-01,1995,2538,ความสัมพันธ์ระหว่างประเทศ
32,"โทษ, คดี, ฐาน, หนัก, ศาล",3,1995-01-01,1995,2538,32_คดี_ฐาน_โทษ_ศาล
33,"คดี, ฐาน, โทษ, ศาล, สัญชาติ",2,1995-01-01,1995,2538,สัญชาติ/คุณสมบัติเลือกตั้ง
34,"พลเรือน, ปลัด, เทียบเท่า, กระทรวง, อธิบดี",1,1995-01-01,1995,2538,34_ปลัด_พลเรือน_กระทรวง_พ้น
35,"สงวน, อาชีพ, ประเภท, ปลัด, พลเรือน",4,1995-01-01,1995,2538,35_ครอบครัว_อบรม_บุคคล_เงื่อนไข
36,"ประธาน, มอบหมาย, รัฐสภา, รอง, อำนาจ",2,1995-01-01,1995,2538,ประธาน/รองประธานสภา
38,"ยุบ, เลือกตั้ง, พระราชกฤษฎีกา, ทั่วไป, ราชอาณาจักร",2,1995-01-01,1995,2538,พระราชอำนาจ/พระราชกฤษฎีกา
39,"รอง, ประธาน, สภา, คน, ยุบ",2,1995-01-01,1995,2538,ประธาน/รองประธานสภา
41,"องคมนตรี, พระราชบัญญัติ, ร่าง, จ่าย, นาม",3,1995-01-01,1995,2538,ร่างพระราชบัญญัติ/งบประมาณ
42,"อากร, ภาษี, บุคคล, พระราชบัญญัติ, ร่าง",1,1995-01-01,1995,2538,42_อากร_ภาษี_อุตสาหกรรม_สนับสนุน
43,"บริหาร, ท้องถิ่น, หลัก, เกณฑ์, อากร",1,1995-01-01,1995,2538,ลงคะแนน/ประชามติ
45,"ประชุม, อนุโลม, คะแนน, ข้อ, วาระ",1,1995-01-01,1995,2538,ลงคะแนน/ประชามติ
46,"เงิน, วาระ, กู้, เสนอ, ร่าง",1,1995-01-01,1995,2538,ร่างพระราชบัญญัติ/งบประมาณ
48,"ชิคภาพ, การกีฬา, ท่องเที่ยว, ช่วยเหลือ, ส่งเสริม",3,1995-01-01,1995,2538,การร้องเรียน/ทุกข์
49,"สื่อสาร, เคหสถาน, ช่วยเหลือ, ครอบครอง, อาศัย",2,1995-01-01,1995,2538,49_สื่อสาร_เคหสถาน_ครอบครอง_อาศัย
50,"ราชโองการ, พระบรม, จัตวา, พระราชหัตถเลขา, สื่อสาร",1,1995-01-01,1995,2538,50_พระราชหัตถเลขา_พระบรมราชโองการ_นาม_รับสนอง
51,"พระราชหัตถเลขา, พระบรมราชโองการ, นาม, รับสนอง, อสังหาริมทรัพย์",2,1995-01-01,1995,2538,51_อสังหาริมทรัพย์_เวนคืน_คืน_เจ้าของ
53,"เขต, จังหวัด, หมื่น, แสน, ราษฎร",2,1995-01-01,1995,2538,เลือกตั้งเขต/ราษฎร
54,"เขต, จังหวัด, เรียบร้อย, อภิปราย, ราษฎร",1,1995-01-01,1995,2538,54_เรียบร้อย_ปรึกษา_อภิปราย_กรรมาธิการ
56,"พระพุทธเจ้า, ปฏิญาณ, สัตย์, ถวาย, จงรักภักดี",1,1995-01-01,1995,2538,ถวายสัตย์ปฏิญาณ
57,"ปฏิญาณ, ซื่อสัตย์, พระพุทธเจ้า, สภาชิก, สัตย์",1,1995-01-01,1995,2538,ถวายสัตย์ปฏิญาณ
58,"ตอบ, ปฏิญาณ, ถาม, เรื่อง, ปลอด",1,1995-01-01,1995,2538,58_ถาม_ตอบ_กระทู้_เรื่อง
61,"บวช, พรต, สามเณร, ภิกษุ, สม",1,1995-01-01,1995,2538,61_บวช_พรต_ภิกษุ_สามเณร
62,"บทบาท, รัฐพึง, ป้องกัน, สนับสนุน, เอกชน",3,1995-01-01,1995,2538,62_อภัยโทษ_ป้องกัน_พระราชทาน_พระราชอำนาจ
63,"อภัยโทษ, ศึกษา, ป้องกัน, อบรม, พระราชทาน",2,1995-01-01,1995,2538,63_ศึกษา_อบรม_สถาน_รัฐ
64,"ศึกษา, อบรม, สถาน, รัฐ, บำรุง",1,1995-01-01,1995,2538,64_อาณาจักรไทย_ชั่วคราว_ราช_กาล
65,"อาณาจักรไทย, ชั่วคราว, ราช, พระราชกำหนด, กาล",1,1995-01-01,1995,2538,65_อนุมัติ_พระราชกำหนด_สาธารณะ_ปัด
66,"รอง, อนุมัติ, พระราชกำหนด, ประธาน, อย่อม",2,1995-01-01,1995,2538,พระราชอำนาจ/พระราชกฤษฎีกา
68,"กราบบังคมทูล, ราชโองการ, พระบรม, วิสามัญ, ว",1,1995-01-01,1995,2538,68_กราบบังคมทูล_พระบรมราชโองการ_วิสามัญ_ยื่น
69,"ถัด, ราชกิจจานุเบกษา, กราบบังคมทูล, พระบรมราชโองการ, วิสามัญ",1,1995-01-01,1995,2538,69_ถัด_ราชกิจจานุเบกษา_ชอบ_รัฐสภา
70,"ถัด, ราชกิจจานุเบกษา, บุคคล, สมาชิก, วุฒิสภา",1,1995-01-01,1995,2538,สัญชาติ/คุณสมบัติเลือกตั้ง
72,"อธิปไตย, ประมุข, อำนาจ, ชน, ปวง",1,1995-01-01,1995,2538,72_ตรา_พระราชกำหนด_อากร_ด่วน
74,"เดือน, ประจำ, ราชการ, ทวิ, เมือง",2,1995-01-01,1995,2538,74_เดือน_ประจำ_ราชการ_เมือง
76,"อำนาจ, พระมหากษัตริย์, อำนาจบ, นิติบัญญัติ, ศาล",1,1995-01-01,1995,2538,76_พรรค_เมือง_ลา_ภาพ
6,"อันมีพระมหากษัตริย์, เสถียรภาพ, ฉ, หมายเหตุ, โครงสร้าง",1,1996-01-01,1996,2539,6_สนอง_ประเภท_ธรรมนูญ_พระบรมราชโองการ
8,"เบญจ, จัตวา, ตรี, ทวิ, จอมทัพ",1,1996-01-01,1996,2539,คุณสมบัติต้องห้าม/พ้นตำแหน่ง
33,"คดี, ฐาน, โทษ, ตรี, สมัคร",1,1996-01-01,1996,2539,สัญชาติ/คุณสมบัติเลือกตั้ง
45,"ประชุม, ประชามติ, อนุโลม, รัฐสภา, ข้อ",3,1996-01-01,1996,2539,ลงคะแนน/ประชามติ
64,"ศึกษา, อบรม, สถาน, รัฐ, บำรุง",1,1996-01-01,1996,2539,64_อาณาจักรไทย_ชั่วคราว_ราช_กาล
66,"สภาร่าง, ตอบแทน, พระราชกฤษฎีกา, อนุมัติ, ประจำ",1,1996-01-01,1996,2539,พระราชอำนาจ/พระราชกฤษฎีกา
69,"ถัด, ราชกิจจานุเบกษา, กราบบังคมทูล, พระบรมราชโองการ, วิสามัญ",1,1996-01-01,1996,2539,69_ถัด_ราชกิจจานุเบกษา_ชอบ_รัฐสภา
78,"สี่, ร่าง, ตำแหน่ง, สัตตรส, เตรส",2,1996-01-01,1996,2539,ลงคะแนน/ประชามติ
0,"ตำแหน่ง, ผู้ดำรง, ดำเนิน, เมือง, ทรัพย์สิน",32,1997-01-01,1997,2540,การไต่สวนผู้ดำรงตำแหน่ง
1,"สมควร, เรื่องราว, ทุกข์, พยาน, กระบวน",5,1997-01-01,1997,2540,สิทธิทางกฎหมาย/วิธีพิจารณา
2,"ว่าง, ตำแหน่ง, อายุ, แทน, บัญชี",5,1997-01-01,1997,2540,ตำแหน่งว่าง/แต่งตั้งแทน
3,"วินิจฉัย, ศาลรัฐธรรมนูญ, ว่าง, แทน, อายุ",9,1997-01-01,1997,2540,ศาลรัฐธรรมนูญ
4,"วินิจฉัย, ศาลรัฐธรรมนูญ, ตรวจ, เงินแผ่นดิน, กรรมการ",9,1997-01-01,1997,2540,สรรหากรรมการตรวจเงินแผ่นดิน
5,"ศาลรัฐธรรมนูญ, กรรมการ, วินิจฉัย, สรรหา, จำนวน",9,1997-01-01,1997,2540,ศาลรัฐธรรมนูญ
6,"ศาลรัฐธรรมนูญ, สาระ, สุดท้าย, ต้องห้าม, คณะตุลาการรัฐธรรมนูญ",6,1997-01-01,1997,2540,6_สนอง_ประเภท_ธรรมนูญ_พระบรมราชโองการ
7,"เพศ, จอมทัพ, ไทย, กำเนิด, เคารพ",3,1997-01-01,1997,2540,พระราชสถานะ/จอมทัพ
8,"จอมทัพ, เคารพ, ละเมิด, ดำรง, คุก",5,1997-01-01,1997,2540,คุณสมบัติต้องห้าม/พ้นตำแหน่ง
9,"สำเร็จ, พระองค์, องคมนตรี, คุก, แทน",5,1997-01-01,1997,2540,การสืบราชสมบัติ
10,"พระองค์, สำเร็จ, ราชการ, องคมนตรี, หน่วย",8,1997-01-01,1997,2540,หน่วยราชการ/รัฐวิสาหกิจ
11,"หน่วย, รัฐวิสาหกิจ, รัฐ, งาน, พัฒนา",6,1997-01-01,1997,2540,หน้าที่บุคคล/ส่งเสริมรัฐ
12,"ศาลปกครอง, ศาลยุติธรรม, ตุลาการ, เลขาธิการ, กรรมการ",9,1997-01-01,1997,2540,ศาลยุติธรรม/ศาลปกครอง
13,"จำนวน, สอง, ชอบ, ใกล้เคียง, ศาลปกครอง",2,1997-01-01,1997,2540,การตีความ/รัฐสภาสองสภา
14,"พระราชกฤษฎีกา, พระราชอำนาจ, ขัด, ตรา, พระมหากษัตริย์",1,1997-01-01,1997,2540,พระราชอำนาจ/พระราชกฤษฎีกา
15,"พระราชอำนาจ, พระราชกฤษฎีกา, ขัด, ตรา, อภัยโทษ",5,1997-01-01,1997,2540,สัญชาติ/คุณสมบัติเลือกตั้ง
16,"นโยบาย, จ่าย, งบ, เศรษฐกิจ, เสรีภาพ",5,1997-01-01,1997,2540,งบประมาณ/การคลัง
17,"งบ, จ่าย, อาญา, คดี, คุมขัง",11,1997-01-01,1997,2540,คดีอาญา/สิทธิผู้ต้องหา
18,"ถ้อยคำ, คุมขัง, วิทยุ, เอกสิทธิ์, อาญา",3,1997-01-01,1997,2540,เอกสิทธิ์การประชุมสภา
19,"เกษตรกร, แรงงาน, เอกสิทธิ์, เกษตร, แถลง",2,1997-01-01,1997,2540,แรงงาน/เกษตรกร
20,"พระปรมาภิไธย, พระราชทาน, เสมือน, ทูลเกล้าทูลกระหม่อม, พระราชบัญญัติ",3,1997-01-01,1997,2540,ร่างพระราชบัญญัติ/งบประมาณ
21,"ปล่อย, พระราชทาน, พระปรมาภิไธย, คดี, สอบสวน",3,1997-01-01,1997,2540,สอบสวน/ปล่อยตัว
22,"ร่าง, พระราชบัญญัติ, ปล่อย, กรรมาธิการ, สภา",3,1997-01-01,1997,2540,ร่างพระราชบัญญัติ/งบประมาณ
23,"ประชาธิปไตย, ระบอบ, บูรณภาพ, อันมีพระมหากษัตริย์ทรงเป็น, พิทักษ์",3,1997-01-01,1997,2540,ระบอบประชาธิปไตย
24,"ระบอบ, ประชาธิปไตย, อภิปราย, ไว้วางใจ, ญัตติ",4,1997-01-01,1997,2540,อภิปรายไม่ไว้วางใจ
25,"ประชุม, ระเบียบวาระ, อภิปราย, จำนวน, องค์",2,1997-01-01,1997,2540,ประชุมลับ
26,"ค้าน, ประชุม, สังกัด, ลับ, พรรค",1,1997-01-01,1997,2540,คณะปฏิวัติ/รัฐประหาร
27,"นายก, รัฐมนตรี, แต่งตั้ง, ชุด, พระบรมราชโองการ",2,1997-01-01,1997,2540,ครม./นายกรัฐมนตรี
28,"บัญชี, เลือกตั้ง, นายก, ชื่อ, เขต",5,1997-01-01,1997,2540,เลือกตั้ง/พรรคการเมือง
29,"อัยการศึก, กฎ, สมัคร, เลือกตั้ง, บัญชี",3,1997-01-01,1997,2540,ภาวะฉุกเฉิน/อัยการศึก
31,"ส่งเสริม, ศักดิ์ศรี, สัมพันธไมตรี, มนุษย์, เสมอภาค",3,1997-01-01,1997,2540,ความสัมพันธ์ระหว่างประเทศ
32,"โทษ, คดี, ฐาน, ศาล, หนัก",3,1997-01-01,1997,2540,32_คดี_ฐาน_โทษ_ศาล
33,"คดี, ฐาน, โทษ, ศาล, บ้าน",3,1997-01-01,1997,2540,สัญชาติ/คุณสมบัติเลือกตั้ง
34,"พ้น, ตำแหน่ง, ตาย, สมุหราชองครักษ์, พลเรือน",3,1997-01-01,1997,2540,34_ปลัด_พลเรือน_กระทรวง_พ้น
35,"บุคคล, ปลัด, พลเรือน, กระทรวง, พ้น",1,1997-01-01,1997,2540,35_ครอบครัว_อบรม_บุคคล_เงื่อนไข
36,"ประธาน, รัฐสภา, กลาง, มอบหมาย, วาง",2,1997-01-01,1997,2540,ประธาน/รองประธานสภา
38,"เลือกตั้ง, อายุ, สิ้นสุด, ทั่วไป, พระราชกฤษฎีกา",3,1997-01-01,1997,2540,พระราชอำนาจ/พระราชกฤษฎีกา
39,"รอง, ประธาน, สภา, คน, ยุบ",2,1997-01-01,1997,2540,ประธาน/รองประธานสภา
40,"องคมนตรี, รอง, ประธาน, คน, สภา",2,1997-01-01,1997,2540,องคมนตรี
41,"องคมนตรี, พระราชบัญญัติ, ร่าง, นาม, พระราชกรณียกิจ",3,1997-01-01,1997,2540,ร่างพระราชบัญญัติ/งบประมาณ
42,"สมาชิกภาพ, สหกรณ์, สนับสนุน, ระบบ, ส่งเสริม",3,1997-01-01,1997,2540,42_อากร_ภาษี_อุตสาหกรรม_สนับสนุน
43,"ท้องถิ่น, อากร, ภาษี, อุตสาหกรรม, สนับสนุน",3,1997-01-01,1997,2540,ลงคะแนน/ประชามติ
44,"ข้อ, พลาง, ประชุม, รัฐสภา, อนุโลม",1,1997-01-01,1997,2540,ถวายสัตย์ปฏิญาณ
45,"ประชามติ, ออกเสียง, ประชุม, ปรึกษา, อนุโลม",2,1997-01-01,1997,2540,ลงคะแนน/ประชามติ
46,"เสียง, ร่าง, วาระ, เงิน, กู้",1,1997-01-01,1997,2540,ร่างพระราชบัญญัติ/งบประมาณ
48,"กระจาย, เป็นธรรม, ดำเนิน, รัฐ, สั่ง",1,1997-01-01,1997,2540,การร้องเรียน/ทุกข์
49,"สื่อสาร, เคหสถาน, ช่วยเหลือ, ครอบครอง, อาศัย",2,1997-01-01,1997,2540,49_สื่อสาร_เคหสถาน_ครอบครอง_อาศัย
50,"พระราชหัตถเลขา, พระบรมราชโองการ, รับสนอง, นาม, สื่อสาร",1,1997-01-01,1997,2540,50_พระราชหัตถเลขา_พระบรมราชโองการ_นาม_รับสนอง
51,"พระราชหัตถเลขา, พระบรมราชโองการ, นาม, รับสนอง, อสังหาริมทรัพย์",5,1997-01-01,1997,2540,51_อสังหาริมทรัพย์_เวนคืน_คืน_เจ้าของ
52,"อสังหาริมทรัพย์, แวดล้อม, เวนคืน, คืน, คุณภาพ",6,1997-01-01,1997,2540,52_แวดล้อม_ชุมชน_คุณภาพ_ธรรมชาติ
53,"จังหวัด, ราษฎร, เขต, คำนวณ, จำนวน",2,1997-01-01,1997,2540,เลือกตั้งเขต/ราษฎร
54,"เขต, จังหวัด, ราษฎร, บันทึก, กรรมาธิการ",1,1997-01-01,1997,2540,54_เรียบร้อย_ปรึกษา_อภิปราย_กรรมาธิการ
55,"ป้องกันและปราบปรามการทุจริต, ผู้ดำรง, ตรวจ, ตรา, ออกเสียง",1,1997-01-01,1997,2540,ศาลรัฐธรรมนูญ
56,"พระพุทธเจ้า, ปฏิญาณ, สัตย์, ถวาย, จงรักภักดี",3,1997-01-01,1997,2540,ถวายสัตย์ปฏิญาณ
57,"ปฏิญาณ, พระพุทธเจ้า, ซื่อสัตย์สุจริต, จงรักภักดี, สัตย์",2,1997-01-01,1997,2540,ถวายสัตย์ปฏิญาณ
58,"ปฏิญาณ, เรื่อง, ถาม, กระทู้, ตอบ",2,1997-01-01,1997,2540,58_ถาม_ตอบ_กระทู้_เรื่อง
59,"แนะนำ, พระราชอำนาจ, รัฐมนตรี, ถวาย, นายก",1,1997-01-01,1997,2540,59_แนะนำ_พระราชอำนาจ_นิติบัญญัติ_อำนาจ
60,"แนะนำ, พระราชอำนาจ, นิติบัญญัติ, อำนาจ, ถวาย",2,1997-01-01,1997,2540,60_เสรีภาพ_คุ้มครอง_สิทธิ_อาชีพ
61,"ภิกษุ, บวช, สามเณร, พรต, สม",2,1997-01-01,1997,2540,61_บวช_พรต_ภิกษุ_สามเณร
62,"อภัยโทษ, พระราชทาน, พระราชอำนาจ, พระมหากษัตริย์, สามเณร",1,1997-01-01,1997,2540,62_อภัยโทษ_ป้องกัน_พระราชทาน_พระราชอำนาจ
63,"อภัยโทษ, ป้องกัน, ศึกษาขั้นพื้นฐาน, เอกชน, พระราชทาน",1,1997-01-01,1997,2540,63_ศึกษา_อบรม_สถาน_รัฐ
65,"อาณาจักรไทย, ชั่วคราว, ราช, อนุมัติ, กาล",1,1997-01-01,1997,2540,65_อนุมัติ_พระราชกำหนด_สาธารณะ_ปัด
66,"รอง, อนุมัติ, พระราชกำหนด, ประธาน, ตอบแทน",2,1997-01-01,1997,2540,พระราชอำนาจ/พระราชกฤษฎีกา
67,"รอง, ตำแหน่ง, ประธาน, ดำรง, วุฒิสภา",11,1997-01-01,1997,2540,67_เลข_แก้_ตำแหน่ง_องคมนตรี
68,"กราบบังคมทูล, พระบรมราชโองการ, วิสามัญ, ประชุม, รัฐสภา",3,1997-01-01,1997,2540,68_กราบบังคมทูล_พระบรมราชโองการ_วิสามัญ_ยื่น
70,"ถัด, ราชกิจจานุเบกษา, บุคคล, สมาชิก, วุฒิสภา",1,1997-01-01,1997,2540,สัญชาติ/คุณสมบัติเลือกตั้ง
71,"อรรถคดี, พิพากษา, ศักดิ์ศรี, มนุษย์, อำนาจ",2,1997-01-01,1997,2540,อำนาจอธิปไตย/ประมุข
72,"อธิปไตย, อำนาจ, ประมุข, ชน, ปวง",2,1997-01-01,1997,2540,72_ตรา_พระราชกำหนด_อากร_ด่วน
73,"สืบ, มณเฑียรบาล, ตรา, ราชสันตติวงศ์, ทราบ",2,1997-01-01,1997,2540,การสืบราชสมบัติ
74,"เมือง, เดือน, ประจำ, ราชการ, ตำแหน่ง",3,1997-01-01,1997,2540,74_เดือน_ประจำ_ราชการ_เมือง
76,"อำนาจ, พระมหากษัตริย์, อำนาจบ, นิติบัญญัติ, ศาล",1,1997-01-01,1997,2540,76_พรรค_เมือง_ลา_ภาพ
77,"องคมนตรี, การเลือกตั้ง, ดำรง, ทำ, วาระ",2,1997-01-01,1997,2540,77_ตำแหน่ง_องคมนตรี_ดำรง_แผ่นดิน
4,"สรรหา, กรรมการ, กรรมการป้องกันและปราบปรามการทุจริตแห่ง, กรรมการป้องกันและปราบปรามการทุจริตแห่งชาติ, วินิจฉัย",2,2005-01-01,2005,2548,สรรหากรรมการตรวจเงินแผ่นดิน
64,"ศึกษา, อบรม, สถาน, รัฐ, บำรุง",1,2005-01-01,2005,2548,64_อาณาจักรไทย_ชั่วคราว_ราช_กาล
69,"ถัด, ราชกิจจานุเบกษา, กราบบังคมทูล, พระบรมราชโองการ, วิสามัญ",1,2005-01-01,2005,2548,69_ถัด_ราชกิจจานุเบกษา_ชอบ_รัฐสภา
3,"วินิจฉัย, ประเพณี, วง, สภานิติบัญญัติแห่งชาติ, ชี้ขาด",1,2006-01-01,2006,2549,ศาลรัฐธรรมนูญ
4,"คณะมนตรีความมั่นคงแห่งชาติ, เลขาธิการ, มั่นคงแห่งชาติ, คณะปฏิรูปการปกครองในระบอบประชาธิปไตย, วินิจฉัย",1,2006-01-01,2006,2549,สรรหากรรมการตรวจเงินแผ่นดิน
5,"สภานิติบัญญัติแห่งชาติ, เกียรติศักดิ์, เสื่อมเสีย, ขัดขวาง, พฤติการณ์",1,2006-01-01,2006,2549,ศาลรัฐธรรมนูญ
7,"จอมทัพ, แบ่งแยก, เคารพ, ดำรง, ประมุข",1,2006-01-01,2006,2549,พระราชสถานะ/จอมทัพ
8,"สภานิติบัญญัติแห่งชาติสิ้นสุด, ดำรง, ตาย, ภาพ, สมาชิกภาพ",1,2006-01-01,2006,2549,คุณสมบัติต้องห้าม/พ้นตำแหน่ง
14,"พระราชกฤษฎีกา, พระราชอำนาจ, ขัด, ตรา, พระมหากษัตริย์",1,2006-01-01,2006,2549,พระราชอำนาจ/พระราชกฤษฎีกา
18,"สภานิติบัญญัติแห่งชาติ, ถ้อยคำ, อาญา, คุมขัง, วิทยุ",1,2006-01-01,2006,2549,เอกสิทธิ์การประชุมสภา
22,"ปล่อย, ชี้แจง, สอบสวน, สภา, สั่ง",1,2006-01-01,2006,2549,ร่างพระราชบัญญัติ/งบประมาณ
24,"สภาณิติบัญญัติแห่งชาติ, สภานิติบัญญัติแห่งชาติ, ปัญหา, รับฟัง, ระบอบ",1,2006-01-01,2006,2549,อภิปรายไม่ไว้วางใจ
26,"ประชุม, ลับ, สภา, จำนวน, ต่ำ",9,2006-01-01,2006,2549,คณะปฏิวัติ/รัฐประหาร
27,"สนธิ, อันมีพระมหากษัตริย์, พลเอก, คณะมนตรีความมั่นคงแห่งชาติ, ประมุข",1,2006-01-01,2006,2549,ครม./นายกรัฐมนตรี
40,"องคมนตรี, รอง, ประธาน, คน, สภา",1,2006-01-01,2006,2549,องคมนตรี
45,"แปร, แปรญัตติ, ประชุม, ญัตติ, อนุโลม",2,2006-01-01,2006,2549,ลงคะแนน/ประชามติ
46,"เงิน, วาระ, ลด, กู้, เสียง",1,2006-01-01,2006,2549,ร่างพระราชบัญญัติ/งบประมาณ
47,"คณะปฏิรูปการปกครองในระบอบประชาธิปไตย, สั่ง, กันยายน, หัวหน้า, อันมีพระมหากษัตริย์ทรงเป็นประมุข",2,2006-01-01,2006,2549,47_สั่ง_รักษาความ_สงบแห่ง_หัวหน้า
50,"พระราชหัตถเลขา, พระบรมราชโองการ, รับสนอง, สื่อสาร, เคหสถาน",1,2006-01-01,2006,2549,50_พระราชหัตถเลขา_พระบรมราชโองการ_นาม_รับสนอง
54,"เขต, จังหวัด, เรียบร้อย, ราษฎร, องค์ประชุม",1,2006-01-01,2006,2549,54_เรียบร้อย_ปรึกษา_อภิปราย_กรรมาธิการ
58,"ปฏิญาณ, ซักถาม, ไว้วางใจ, ตอบ, ซื่อสัตย์สุจริต",1,2006-01-01,2006,2549,58_ถาม_ตอบ_กระทู้_เรื่อง
60,"แนะนำ, ประเทศไทย, พันธกรณี, พระราชอำนาจ, อยู่แล้ว",1,2006-01-01,2006,2549,60_เสรีภาพ_คุ้มครอง_สิทธิ_อาชีพ
65,"อาณาจักรไทย, พระราชกำหนด, ชั่วคราว, ราช, กาล",1,2006-01-01,2006,2549,65_อนุมัติ_พระราชกำหนด_สาธารณะ_ปัด
66,"คณะมนตรีความมั่นคงแห่งชาติ, อนุมัติ, สภานิติบัญญัติแห่งชาติ, ดำรง, พระราชกำหนด",1,2006-01-01,2006,2549,พระราชอำนาจ/พระราชกฤษฎีกา
70,"ถัด, ราชกิจจานุเบกษา, อรรถคดี, เที่ยงธรรม, พิพากษา",1,2006-01-01,2006,2549,สัญชาติ/คุณสมบัติเลือกตั้ง
71,"อธิปไตย, ปวงชน, ประมุข, อรรถคดี, อำนาจ",1,2006-01-01,2006,2549,อำนาจอธิปไตย/ประมุข
78,"ประชามติ, ออกเสียง, ร่าง, เผยแพร่, ตำแหน่ง",3,2006-01-01,2006,2549,ลงคะแนน/ประชามติ
0,"ผู้ดํารงตําแหน่ง, เมือง, ศาลฎีกา, กระทํา, ยื่น",39,2007-01-01,2007,2550,การไต่สวนผู้ดำรงตำแหน่ง
1,"ศาลทหาร, อํานาจ, ศาลปกครอง, คดี, ประกัน",11,2007-01-01,2007,2550,สิทธิทางกฎหมาย/วิธีพิจารณา
2,"ว่าง, ตําแหน่ง, จํานวน, ร้อยแปด, สัดส่วน",4,2007-01-01,2007,2550,ตำแหน่งว่าง/แต่งตั้งแทน
3,"ศาลรัฐธรรมนูญ, ว่าง, คําวินิจฉัย, แทน, อายุ",10,2007-01-01,2007,2550,ศาลรัฐธรรมนูญ
4,"ศาลรัฐธรรมนูญ, วินิจฉัย, กรรมการ, สรรหา, ศาล",14,2007-01-01,2007,2550,สรรหากรรมการตรวจเงินแผ่นดิน
5,"ศาลรัฐธรรมนูญ, สรรหา, กรรมการ, จํานวน, คําวินิจฉัย",9,2007-01-01,2007,2550,ศาลรัฐธรรมนูญ
7,"เพศ, เคารพ, เสมอ, ละเมิด, ฟ้องร้อง",2,2007-01-01,2007,2550,พระราชสถานะ/จอมทัพ
9,"สําเร็จ, พระองค์, องคมนตรี, คุก, แทน",5,2007-01-01,2007,2550,การสืบราชสมบัติ
10,"พระองค์, สำเร็จ, ราชการ, องคมนตรี, แทน",8,2007-01-01,2007,2550,หน่วยราชการ/รัฐวิสาหกิจ
11,"หน่วย, รัฐวิสาหกิจ, รัฐ, งาน, ราชการ",9,2007-01-01,2007,2550,หน้าที่บุคคล/ส่งเสริมรัฐ
12,"ศาลยุติธรรม, ศาลปกครอง, สํา, ตุลาการ, กรรมการ",8,2007-01-01,2007,2550,ศาลยุติธรรม/ศาลปกครอง
13,"จํานวน, รัฐสภา, ศาลปกครอง, ศาลยุติธรรม, วุฒิสภาทําหน้าที่",2,2007-01-01,2007,2550,การตีความ/รัฐสภาสองสภา
14,"พระราชอํานาจ, สถาปนา, ราชอิสริยาภรณ์, เสียง, จอมทัพ",3,2007-01-01,2007,2550,พระราชอำนาจ/พระราชกฤษฎีกา
15,"พระราชอำนาจ, พระราชกฤษฎีกา, ขัด, ตรา, อภัยโทษ",4,2007-01-01,2007,2550,สัญชาติ/คุณสมบัติเลือกตั้ง
16,"งบ, เสรีภาพ, จ่าย, นโยบาย, แผน",9,2007-01-01,2007,2550,งบประมาณ/การคลัง
17,"โทษ, กระทํา, กํา, หนด, หนัก",1,2007-01-01,2007,2550,คดีอาญา/สิทธิผู้ต้องหา
18,"ถ้อยคํา, คุมขัง, อาญา, วิทยุ, เอกสิทธิ์",2,2007-01-01,2007,2550,เอกสิทธิ์การประชุมสภา
20,"พระปรมาภิไธย, พระราชทาน, เสมือน, ทูลเกล้าทูลกระหม่อม, คืน",3,2007-01-01,2007,2550,ร่างพระราชบัญญัติ/งบประมาณ
21,"ปล่อย, พระราชทาน, พระปรมาภิไธย, คดี, สอบสวน",1,2007-01-01,2007,2550,สอบสวน/ปล่อยตัว
22,"ปล่อย, สอบสวน, สภา, สั่ง, พิจารณา",4,2007-01-01,2007,2550,ร่างพระราชบัญญัติ/งบประมาณ
23,"ประมุข, นิติธรรม, ระบอบ, ประชาธิปไตย, อํานาจ",3,2007-01-01,2007,2550,ระบอบประชาธิปไตย
24,"อภิปราย, สําคัญ, ระบอบ, ปัญหา, ประชาธิปไตย",2,2007-01-01,2007,2550,อภิปรายไม่ไว้วางใจ
25,"ลับ, จํานวน, ประชุม, อภิปราย, สภา",1,2007-01-01,2007,2550,ประชุมลับ
26,"ผู้นํา, ประชุม, ค้าน, ลับ, สังกัด",1,2007-01-01,2007,2550,คณะปฏิวัติ/รัฐประหาร
27,"นายก, รัฐมนตรี, แต่งตั้ง, แปด, รับผิดชอบ",1,2007-01-01,2007,2550,ครม./นายกรัฐมนตรี
28,"สัดส่วน, สมัคร, เลือกตั้ง, นายก, พรรค",5,2007-01-01,2007,2550,เลือกตั้ง/พรรคการเมือง
29,"อัยการศึก, สมัคร, กฎ, เลือกตั้ง, บัญชี",3,2007-01-01,2007,2550,ภาวะฉุกเฉิน/อัยการศึก
30,"ป้องกัน, ประเทศ, รักษา, ชาติ, ประโยชน์",1,2007-01-01,2007,2550,30_สภาผู้แทน_เท่าเทียม_เสมอ_ศิลปะ
32,"คดี, ฐาน, ศาล, ธรรมนูญ, กระทํา",1,2007-01-01,2007,2550,32_คดี_ฐาน_โทษ_ศาล
33,"คดี, ฐาน, โทษ, ศาล, บ้าน",2,2007-01-01,2007,2550,สัญชาติ/คุณสมบัติเลือกตั้ง
34,"ตําแหน่ง, พลเรือน, ปลัด, เทียบเท่า, กระทรวง",1,2007-01-01,2007,2550,34_ปลัด_พลเรือน_กระทรวง_พ้น
36,"ประธาน, รอง, ครอบครัว, กลาง, มอบหมาย",2,2007-01-01,2007,2550,ประธาน/รองประธานสภา
37,"ประมวล, จริยธรรม, ดําเนิน, ประธาน, รอง",1,2007-01-01,2007,2550,37_ตุลาการ_แต่งตั้ง_เลือกตั้ง_ดำเนิน
38,"ต้องกํา, เลือกตั้ง, หนด, สิบ, ทั่วไป",3,2007-01-01,2007,2550,พระราชอำนาจ/พระราชกฤษฎีกา
40,"องคมนตรี, รอง, ประธาน, คน, สภา",2,2007-01-01,2007,2550,องคมนตรี
41,"องคมนตรี, นาม, พระราชกรณียกิจ, รับสนอง, แต่งตั้ง",3,2007-01-01,2007,2550,ร่างพระราชบัญญัติ/งบประมาณ
42,"สมาชิกภาพ, เลือกตั้ง, สภาผู้แทนราษฎร, สมาชิก, พระราชบัญญัติ",1,2007-01-01,2007,2550,42_อากร_ภาษี_อุตสาหกรรม_สนับสนุน
43,"อากร, ภาษี, อุตสาหกรรม, สนับสนุน, สมาชิกภาพ",8,2007-01-01,2007,2550,ลงคะแนน/ประชามติ
46,"เสียง, เสนอ, ร่าง, วาระ, พระราชบัญญัติ",3,2007-01-01,2007,2550,ร่างพระราชบัญญัติ/งบประมาณ
47,"บรรดาการ, สนอง, กระทํา, ชั่วคราว, ชอบ",1,2007-01-01,2007,2550,47_สั่ง_รักษาความ_สงบแห่ง_หัวหน้า
48,"ปรัชญา, แนว, ดําเนินการ, สนับสนุน, เศรษฐกิจ",1,2007-01-01,2007,2550,การร้องเรียน/ทุกข์
49,"เคหสถาน, สื่อสาร, ช่วยเหลือ, ครอบครอง, ท่องเที่ยว",2,2007-01-01,2007,2550,49_สื่อสาร_เคหสถาน_ครอบครอง_อาศัย
50,"พระปรมาภิไธย, พลัน, พระราชหัตถเลขา, เสมือน, สื่อสาร",1,2007-01-01,2007,2550,50_พระราชหัตถเลขา_พระบรมราชโองการ_นาม_รับสนอง
51,"พระราชหัตถเลขา, พระบรมราชโองการ, นาม, รับสนอง, อสังหาริมทรัพย์",4,2007-01-01,2007,2550,51_อสังหาริมทรัพย์_เวนคืน_คืน_เจ้าของ
52,"อสังหาริมทรัพย์, เวนคืน, แวดล้อม, คืน, เจ้าของ",6,2007-01-01,2007,2550,52_แวดล้อม_ชุมชน_คุณภาพ_ธรรมชาติ
53,"เขต, จังหวัด, ราษฎร, จํานวน, คํานวณ",2,2007-01-01,2007,2550,เลือกตั้งเขต/ราษฎร
54,"เขต, จังหวัด, ราษฎร, วุฒิสภามีอํานาจ, คน",1,2007-01-01,2007,2550,54_เรียบร้อย_ปรึกษา_อภิปราย_กรรมาธิการ
55,"เรียบร้อย, พระราชบัญญัติ, กรรมาธิการ, กิจการ, ปรึกษา",10,2007-01-01,2007,2550,ศาลรัฐธรรมนูญ
56,"พระพุทธเจ้า, ปฏิญาณ, สัตย์, ถวาย, จงรักภักดี",3,2007-01-01,2007,2550,ถวายสัตย์ปฏิญาณ
57,"ปฏิญาณ, ซื่อสัตย์สุจริต, พระพุทธเจ้า, จงรักภักดี, สัตย์",2,2007-01-01,2007,2550,ถวายสัตย์ปฏิญาณ
58,"ปฏิญาณ, ถาม, กระทู้, เรื่อง, ตอบ",3,2007-01-01,2007,2550,58_ถาม_ตอบ_กระทู้_เรื่อง
60,"แนะนำ, พระราชอำนาจ, นิติบัญญัติ, อำนาจ, ถวาย",3,2007-01-01,2007,2550,60_เสรีภาพ_คุ้มครอง_สิทธิ_อาชีพ
61,"สามเณร, ภิกษุ, พรต, บวช, สม",2,2007-01-01,2007,2550,61_บวช_พรต_ภิกษุ_สามเณร
63,"อภัยโทษ, ป้องกัน, เรียนรู้, พระราชทาน, พระราชอำนาจ",1,2007-01-01,2007,2550,63_ศึกษา_อบรม_สถาน_รัฐ
66,"ตอบแทน, อนุมัติ, พระราชกฤษฎีกา, พระราชกำหนด, ประจําตําแหน่ง",1,2007-01-01,2007,2550,พระราชอำนาจ/พระราชกฤษฎีกา
68,"กราบบังคมทูล, พระบรมราชโองการ, วิสามัญ, เพื่อนํา, ประชุม",3,2007-01-01,2007,2550,68_กราบบังคมทูล_พระบรมราชโองการ_วิสามัญ_ยื่น
72,"อธิปไตย, พระราชกํา, ประมุข, อำนาจ, ชน",1,2007-01-01,2007,2550,72_ตรา_พระราชกำหนด_อากร_ด่วน
73,"สืบ, มณเฑียรบาล, ตรา, ทราบ, ราชสันตติวงศ์",2,2007-01-01,2007,2550,การสืบราชสมบัติ
74,"ประจํา, เมือง, เดือน, ราชการ, ผู้ดํารงตําแหน่ง",1,2007-01-01,2007,2550,74_เดือน_ประจำ_ราชการ_เมือง
76,"อำนาจ, พระมหากษัตริย์, อำนาจบ, นิติบัญญัติ, ศาล",4,2007-01-01,2007,2550,76_พรรค_เมือง_ลา_ภาพ
2,"บัญชี, ร้อย, ว่าง, จํานวน, ตําแหน่ง",2,2011-01-01,2011,2554,ตำแหน่งว่าง/แต่งตั้งแทน
6,"สภาผู้แทน, ตรา, ทั่วไป, ราษฎร, เลือกตั้ง",1,2011-01-01,2011,2554,6_สนอง_ประเภท_ธรรมนูญ_พระบรมราชโองการ
28,"บัญชี, ชื่อ, นายก, รัฐมนตรี, สมัคร",4,2011-01-01,2011,2554,เลือกตั้ง/พรรคการเมือง
43,"อากร, ภาษี, หนังสือ, สัญญา, อุตสาหกรรม",2,2011-01-01,2011,2554,ลงคะแนน/ประชามติ
53,"จังหวัด, ราษฎร, เขต, จํานวน, คํานวณ",1,2011-01-01,2011,2554,เลือกตั้งเขต/ราษฎร
55,"เรียบร้อย, เวชชาชีวะ, สามารถดําเนิน, อภิสิทธิ์, สภาดําเนิน",1,2011-01-01,2011,2554,ศาลรัฐธรรมนูญ
64,"ศึกษา, อบรม, สถาน, รัฐ, บำรุง",2,2011-01-01,2011,2554,64_อาณาจักรไทย_ชั่วคราว_ราช_กาล
69,"ถัด, ราชกิจจานุเบกษา, กราบบังคมทูล, พระบรมราชโองการ, วิสามัญ",2,2011-01-01,2011,2554,69_ถัด_ราชกิจจานุเบกษา_ชอบ_รัฐสภา
3,"ว่าง, ศาลปกครองสูง, แย้ง, วินิจฉัย, ประเพณี",2,2014-01-01,2014,2557,ศาลรัฐธรรมนูญ
4,"สรรหา, วินิจฉัย, สงบแห่ง, รักษาความ, ศาลรัฐธรรมนูญ",1,2014-01-01,2014,2557,สรรหากรรมการตรวจเงินแผ่นดิน
5,"สภานิติบัญญัติแห่งชาติ, นิติบัญญัติแห่งชาติ, เกียรติศักดิ์, เสื่อมเสีย, ขัดขวาง",1,2014-01-01,2014,2557,ศาลรัฐธรรมนูญ
6,"พฤษภาคม, อ้าง, สภานิติบัญญัติแห่งชาติ, อันมีพระมหากษัตริย์ทรงเป็นประมุข, ประเทศไทย",1,2014-01-01,2014,2557,6_สนอง_ประเภท_ธรรมนูญ_พระบรมราชโองการ
11,"กลไก, หน่วย, ประสิทธิภาพ, รัฐวิสาหกิจ, รัฐ",2,2014-01-01,2014,2557,หน้าที่บุคคล/ส่งเสริมรัฐ
18,"ถ้อยคํา, สภานิติบัญญัติแห่งชาติ, คุมขัง, อาญา, วิทยุ",1,2014-01-01,2014,2557,เอกสิทธิ์การประชุมสภา
20,"พระราชทาน, ทูลเกล้าทูลกระหม่อม, พระปรมาภิไธย, คืน, พระราชบัญญัติ",1,2014-01-01,2014,2557,ร่างพระราชบัญญัติ/งบประมาณ
22,"ปล่อย, ปฏิรูป, ชาติ, กรรมาธิการ, สภา",9,2014-01-01,2014,2557,ร่างพระราชบัญญัติ/งบประมาณ
23,"พระราชอํานาจ, อภัยโทษ, อํานาจ, ประเพณี, อธิปไตย",2,2014-01-01,2014,2557,ระบอบประชาธิปไตย
24,"สภานิติบัญญัติ, ปัญหา, ระบอบ, ฟัง, ประชาธิปไตย",1,2014-01-01,2014,2557,อภิปรายไม่ไว้วางใจ
27,"ชาติ, สภานิติบัญญัติแห่งชาติ, แต่งตั้ง, สภาปฏิรูป, ถวาย",4,2014-01-01,2014,2557,ครม./นายกรัฐมนตรี
34,"ตําแหน่ง, พลเรือน, ปลัด, เทียบเท่า, กระทรวง",1,2014-01-01,2014,2557,34_ปลัด_พลเรือน_กระทรวง_พ้น
43,"สัญญา, หนังสือ, อากร, ภาษี, อุตสาหกรรม",1,2014-01-01,2014,2557,ลงคะแนน/ประชามติ
46,"สภานิติบัญญัติแห่งชาติ, วาระ, เสียง, เสนอ, เงิน",1,2014-01-01,2014,2557,ร่างพระราชบัญญัติ/งบประมาณ
47,"สงบแห่ง, รักษาความ, ชาติ, เงิน, กระทํา",4,2014-01-01,2014,2557,47_สั่ง_รักษาความ_สงบแห่ง_หัวหน้า
50,"พระราชหัตถเลขา, พระบรมราชโองการ, รับสนอง, นาม, สื่อสาร",1,2014-01-01,2014,2557,50_พระราชหัตถเลขา_พระบรมราชโองการ_นาม_รับสนอง
52,"ภาควิชาการ, ภาควิชาชีพ, ภาคสังคม, หลากหลาย, แนะ",1,2014-01-01,2014,2557,52_แวดล้อม_ชุมชน_คุณภาพ_ธรรมชาติ
54,"เขต, จังหวัด, สภานิติบัญญัติแห่ง, ชาติมีอํานาจ, ราษฎร",1,2014-01-01,2014,2557,54_เรียบร้อย_ปรึกษา_อภิปราย_กรรมาธิการ
58,"ปฏิญาณ, กระทู้, ซักถาม, ซื่อสัตย์สุจริต, ถ้อยคำ",1,2014-01-01,2014,2557,58_ถาม_ตอบ_กระทู้_เรื่อง
60,"แนะนำ, ประเทศไทย, พันธกรณี, พระราชอำนาจ, อยู่แล้ว",1,2014-01-01,2014,2557,60_เสรีภาพ_คุ้มครอง_สิทธิ_อาชีพ
61,"แบ่งแยก, ประเทศไทย, ราชอาณาจักร, เสรีภาพ, คุ้มครอง",1,2014-01-01,2014,2557,61_บวช_พรต_ภิกษุ_สามเณร
65,"อาณาจักรไทย, ชั่วคราว, ราช, กาล, พระราชกําหนด",1,2014-01-01,2014,2557,65_อนุมัติ_พระราชกำหนด_สาธารณะ_ปัด
66,"อนุมัติ, พระราชกำหนด, ประจําตําแหน่ง, ที่กําหนด, สภาปฏิรูป",1,2014-01-01,2014,2557,พระราชอำนาจ/พระราชกฤษฎีกา
70,"ถัด, ราชกิจจานุเบกษา, อรรถคดี, ยุติธรรม, พิพากษา",1,2014-01-01,2014,2557,สัญชาติ/คุณสมบัติเลือกตั้ง
76,"อำนาจ, พระมหากษัตริย์, อำนาจบ, นิติบัญญัติ, ปฏิรูป",2,2014-01-01,2014,2557,76_พรรค_เมือง_ลา_ภาพ
0,"ศาลฎีกา, ไต่สวน, อํานาจ, ผู้ดํารงตําแหน่ง, กระทํา",22,2017-01-01,2017,2560,การไต่สวนผู้ดำรงตำแหน่ง
1,"ท้องถิ่น, องค์กร, สาธารณสุข, ใช้จ่าย, ปกครอง",7,2017-01-01,2017,2560,สิทธิทางกฎหมาย/วิธีพิจารณา
2,"ตําแหน่ง, ว่าง, บัญชี, สภาผู้แทนราษฎร, ชื่อ",3,2017-01-01,2017,2560,ตำแหน่งว่าง/แต่งตั้งแทน
3,"ว่าง, ศาลรัฐธรรมนูญ, คําวินิจฉัย, แทน, เรื่อง",8,2017-01-01,2017,2560,ศาลรัฐธรรมนูญ
4,"วินิจฉัย, ศาลรัฐธรรมนูญ, สรรหา, ศาล, คําวินิจฉัย",13,2017-01-01,2017,2560,สรรหากรรมการตรวจเงินแผ่นดิน
5,"ศาลรัฐธรรมนูญ, คําวินิจฉัย, สรรหา, ข้อความ, ร้อง",4,2017-01-01,2017,2560,ศาลรัฐธรรมนูญ
9,"สําเร็จ, พระองค์, องคมนตรี, แทน, คุก",5,2017-01-01,2017,2560,การสืบราชสมบัติ
10,"พระองค์, สำเร็จ, ราชการ, องคมนตรี, แทน",5,2017-01-01,2017,2560,หน่วยราชการ/รัฐวิสาหกิจ
11,"หน่วย, รัฐวิสาหกิจ, รัฐ, งาน, ราชการ",12,2017-01-01,2017,2560,หน้าที่บุคคล/ส่งเสริมรัฐ
12,"ศาลปกครอง, ศาลทหาร, อํานาจ, งาน, คุณวุฒิ",6,2017-01-01,2017,2560,ศาลยุติธรรม/ศาลปกครอง
13,"จํานวน, รัฐสภา, พระราชอํานาจ, ข้อ, อนุโลม",2,2017-01-01,2017,2560,การตีความ/รัฐสภาสองสภา
14,"พระราชอํานาจ, แนะนํา, พระราชกฤษฎีกา, เสียง, ตีความ",2,2017-01-01,2017,2560,พระราชอำนาจ/พระราชกฤษฎีกา
15,"พระราชอำนาจ, พระราชกฤษฎีกา, กระทํา, ตรา, ขัด",3,2017-01-01,2017,2560,สัญชาติ/คุณสมบัติเลือกตั้ง
16,"งบ, คลัง, จ่าย, วินัย, เสรีภาพ",5,2017-01-01,2017,2560,งบประมาณ/การคลัง
17,"จํา, กระทํา, โทษ, อาญา, หา",1,2017-01-01,2017,2560,คดีอาญา/สิทธิผู้ต้องหา
18,"ถ้อยคํา, คุมขัง, วิทยุ, อาญา, เอกสิทธิ์",2,2017-01-01,2017,2560,เอกสิทธิ์การประชุมสภา
20,"ถวาย, ทูลเกล้าทูลกระหม่อม, สัตย์, โปรดเกล้าโปรดกระหม่อม, พระราชทาน",4,2017-01-01,2017,2560,ร่างพระราชบัญญัติ/งบประมาณ
21,"ประกัน, สอบสวน, พระราชทาน, พระปรมาภิไธย, คืน",1,2017-01-01,2017,2560,สอบสวน/ปล่อยตัว
22,"ปล่อย, สอบสวน, ปฏิรูป, สั่ง, สภา",10,2017-01-01,2017,2560,ร่างพระราชบัญญัติ/งบประมาณ
23,"รูปแบบ, อันมีพระมหากษัตริย์ทรงเป็นประมุข, ระบอบ, ประชาธิปไตย, ปกครอง",1,2017-01-01,2017,2560,ระบอบประชาธิปไตย
24,"ระบอบ, ประชาธิปไตย, ปัญหา, อภิปราย, สําคัญ",4,2017-01-01,2017,2560,อภิปรายไม่ไว้วางใจ
25,"ลับ, จํานวน, ประชุม, อภิปราย, สภา",1,2017-01-01,2017,2560,ประชุมลับ
26,"ผู้นํา, ค้าน, ประชุม, ลับ, มิได้ดํารงตําแหน่ง",1,2017-01-01,2017,2560,คณะปฏิวัติ/รัฐประหาร
27,"ดํารงตําแหน่ง, ให้ดํารงตําแหน่ง, เจ็ด, วาระ, แต่งตั้ง",4,2017-01-01,2017,2560,ครม./นายกรัฐมนตรี
28,"เลือกตั้ง, สมัคร, นายก, รัฐมนตรี, เขต",7,2017-01-01,2017,2560,เลือกตั้ง/พรรคการเมือง
29,"อัยการศึก, กฎ, สมัคร, เลือกตั้ง, บัญชี",2,2017-01-01,2017,2560,ภาวะฉุกเฉิน/อัยการศึก
31,"เคร่งครัด, ประเทศ, สัมพันธไมตรี, เสมอภาค, แทรกแซง",2,2017-01-01,2017,2560,ความสัมพันธ์ระหว่างประเทศ
32,"ฐาน, ศาล, คดี, พิพากษา, พิจารณา",1,2017-01-01,2017,2560,32_คดี_ฐาน_โทษ_ศาล
33,"คดี, ฐาน, โทษ, ศาล, เวลา",3,2017-01-01,2017,2560,สัญชาติ/คุณสมบัติเลือกตั้ง
34,"ตําแหน่ง, พ้น, พระราชอัธยาศัย, สัญชาติ, ตาย",3,2017-01-01,2017,2560,34_ปลัด_พลเรือน_กระทรวง_พ้น
35,"แหน่ง, ตํา, พ้น, ตาย, ลา",1,2017-01-01,2017,2560,35_ครอบครัว_อบรม_บุคคล_เงื่อนไข
36,"ประธาน, รอง, ครอบครัว, รัฐสภา, วุฒิสภาทําหน้าที่",3,2017-01-01,2017,2560,ประธาน/รองประธานสภา
38,"พระราชกฤษฎีกา, ทั่วไป, เลือกตั้ง, สิบ, คณะกรรมการการเลือกตั้ง",2,2017-01-01,2017,2560,พระราชอำนาจ/พระราชกฤษฎีกา
39,"หรือดํารงตําแหน่ง, รอง, สภา, ยุบ, ดํารงตําแหน่ง",1,2017-01-01,2017,2560,ประธาน/รองประธานสภา
40,"องคมนตรี, รอง, ประธาน, คน, สภา",2,2017-01-01,2017,2560,องคมนตรี
41,"องคมนตรี, พระราชบัญญัติ, ร่าง, เงิน, นาม",2,2017-01-01,2017,2560,ร่างพระราชบัญญัติ/งบประมาณ
42,"สมาชิกภาพ, เลือกตั้ง, สภาผู้แทนราษฎร, สมาชิก, พระราชบัญญัติ",1,2017-01-01,2017,2560,42_อากร_ภาษี_อุตสาหกรรม_สนับสนุน
43,"อากร, สัญญา, หนังสือ, ภาษี, ค้า",2,2017-01-01,2017,2560,ลงคะแนน/ประชามติ
46,"เสียง, วาระ, คะแนน, สอง, เสนอ",4,2017-01-01,2017,2560,ร่างพระราชบัญญัติ/งบประมาณ
47,"คํา, กระทํา, สั่ง, ยกเลิก, ชั่วคราว",1,2017-01-01,2017,2560,47_สั่ง_รักษาความ_สงบแห่ง_หัวหน้า
49,"สื่อสาร, เคหสถาน, ข้อมูล, ช่วยเหลือ, รโหฐาน",2,2017-01-01,2017,2560,49_สื่อสาร_เคหสถาน_ครอบครอง_อาศัย
50,"พระราชหัตถเลขา, พระบรมราชโองการ, รับสนอง, นาม, สื่อสาร",1,2017-01-01,2017,2560,50_พระราชหัตถเลขา_พระบรมราชโองการ_นาม_รับสนอง
51,"พระราชหัตถเลขา, พระบรมราชโองการ, นาม, อสังหาริมทรัพย์, คืน",2,2017-01-01,2017,2560,51_อสังหาริมทรัพย์_เวนคืน_คืน_เจ้าของ
52,"อสังหาริมทรัพย์, ชุมชน, เวนคืน, คืน, เจ้าของ",6,2017-01-01,2017,2560,52_แวดล้อม_ชุมชน_คุณภาพ_ธรรมชาติ
53,"จังหวัด, ราษฎร, จํานวน, เขต, คน",1,2017-01-01,2017,2560,เลือกตั้งเขต/ราษฎร
54,"เขต, จังหวัด, ราษฎร, วิสามัญ, กรรมาธิการ",1,2017-01-01,2017,2560,54_เรียบร้อย_ปรึกษา_อภิปราย_กรรมาธิการ
55,"สภานิติบัญญัติแห่งชาติ, เรียบร้อย, พิจารณาร่าง, พระราชบัญญัติ, ปรึกษา",7,2017-01-01,2017,2560,ศาลรัฐธรรมนูญ
56,"พระพุทธเจ้า, ปฏิญาณ, สัตย์, ถวาย, ถ้อยคํา",2,2017-01-01,2017,2560,ถวายสัตย์ปฏิญาณ
57,"ปฏิญาณ, สัตย์, พระพุทธเจ้า, จงรักภักดี, ถวาย",3,2017-01-01,2017,2560,ถวายสัตย์ปฏิญาณ
58,"ปฏิญาณ, วาจา, กระทู้, ถาม, ต้องกํา",1,2017-01-01,2017,2560,58_ถาม_ตอบ_กระทู้_เรื่อง
60,"แนะนำ, พระราชอำนาจ, นิติบัญญัติ, อำนาจ, ถวาย",7,2017-01-01,2017,2560,60_เสรีภาพ_คุ้มครอง_สิทธิ_อาชีพ
61,"สามเณร, ภิกษุ, พรต, บวช, สม",1,2017-01-01,2017,2560,61_บวช_พรต_ภิกษุ_สามเณร
65,"อาณาจักรไทย, ชั่วคราว, ราช, กาล, พระราชกําหนด",1,2017-01-01,2017,2560,65_อนุมัติ_พระราชกำหนด_สาธารณะ_ปัด
66,"ตอบแทน, พระราชกฤษฎีกา, ประจําตําแหน่ง, อนุมัติ, พระราชกำหนด",1,2017-01-01,2017,2560,พระราชอำนาจ/พระราชกฤษฎีกา
68,"กราบบังคมทูล, พระบรมราชโองการ, วิสามัญ, จํานวน, รับสนอง",1,2017-01-01,2017,2560,68_กราบบังคมทูล_พระบรมราชโองการ_วิสามัญ_ยื่น
72,"อธิปไตย, ประมุข, พระราชกํา, อำนาจ, ชน",1,2017-01-01,2017,2560,72_ตรา_พระราชกำหนด_อากร_ด่วน
73,"สืบ, มณเฑียรบาล, ราชสันตติวงศ์, ตรา, พระรัชทายาท",2,2017-01-01,2017,2560,การสืบราชสมบัติ
74,"ประจํา, เมือง, เดือน, ราชการ, ผู้ดํารงตําแหน่ง",1,2017-01-01,2017,2560,74_เดือน_ประจำ_ราชการ_เมือง
76,"อำนาจ, พระมหากษัตริย์, อำนาจบ, นิติบัญญัติ, ศาล",3,2017-01-01,2017,2560,76_พรรค_เมือง_ลา_ภาพ
2,"ร้อย, บัญชี, บัตร, ใบ, ชื่อ",1,2021-01-01,2021,2564,ตำแหน่งว่าง/แต่งตั้งแทน
28,"คำนวณ, คะแนน, บัญชี, สัดส่วน, ชื่อ",1,2021-01-01,2021,2564,เลือกตั้ง/พรรคการเมือง
53,"จังหวัด, ราษฎร, จำนวน, เขต, คน",1,2021-01-01,2021,2564,เลือกตั้งเขต/ราษฎร
64,"ศึกษา, อบรม, สถาน, รัฐ, บำรุง",1,2021-01-01,2021,2564,64_อาณาจักรไทย_ชั่วคราว_ราช_กาล
67,"รอง, ประธาน, ตำแหน่ง, ร้อย, ตอบแทน",1,2021-01-01,2021,2564,67_เลข_แก้_ตำแหน่ง_องคมนตรี
69,"ถัด, ราชกิจจานุเบกษา, กราบบังคมทูล, พระบรมราชโองการ, วิสามัญ",1,2021-01-01,2021,2564,69_ถัด_ราชกิจจานุเบกษา_ชอบ_รัฐสภา
