topic,topic_repr,assigned_theme,theme_match_score
0,ศาลฎีกา ผู้ดํารงตําแหน่ง ไต่สวน ยื่น อัยการ กล่าวหา ทรัพย์สิน หนี้สิน เงินแผ่นดิน เมือง,ตุลาการ,1
1,สิทธิ เจ้าพนักงาน ท้องถิ่น เรื่องราว ทุกข์ วิธี นิติบุคคล บุคคล คณะตุลาการรัฐธรรมนูญ หลัก,สิทธิ-เสรีภาพ-หน้าที่,1
2,ว่าง แทน อายุ สภาผู้แทนราษฎร ร้อย ตำแหน่ง สมาชิก สลาก ตําแหน่ง ร้อยแปด,นิติบัญญัติ,1
3,วินิจฉัย คณะตุลาการรัฐธรรมนูญ ร้อง แย้ง ข้อความ ศาลรัฐธรรมนูญ แจ้ง สมาชิก ขัด สมาชิกภาพ,ตุลาการ,2
4,สรรหา กรรมการ เงินแผ่นดิน เลือก คน ตรวจ คัดเลือก จํานวน ศาลฎีกา ประจักษ์,ตุลาการ,1
5,สนอง ประเภท ธรรมนูญ พิบูลสงคราม พระบรมราชโองการ ยกเลิก หมายเหตุ ปกครอง ราชอาณาจักร กาล,อื่น ๆ (emergent),0
6,จอมทัพ เคารพ ละเมิด ดำรง ฐานะ ไทย กำเนิด เสมอ พระมหากษัตริย์ องค์,สถาบันพระมหากษัตริย์,1
7,คุก ตาย ลา ห้าม ลักษณะ ประมาท คุณสมบัติ โทษ สิ้นสุด พิพากษา,อื่น ๆ (emergent),0
8,พระองค์ สำเร็จ องคมนตรี แทน สําเร็จ ราชการ ชั่วคราว สืบ พลาง ราชสันตติวงศ์,สถาบันพระมหากษัตริย์,1
9,ศาลปกครอง ศาลยุติธรรม เลื่อน ตุลาการ กรรมการ ศาล ศาลทหาร เดือน เลขาธิการ พิพากษา,ตุลาการ,3
10,พัฒนา ส่งเสริม ระบบ สนับสนุน กลไก ประสิทธิภาพ ประชาชน เศรษฐกิจ รัฐ สังคม,สิทธิ-เสรีภาพ-หน้าที่,1
11,ตีความ เสียง รัฐสภา สอง คะแนน สงคราม มติ จำนวน ชี้ขาด ประชุม,แนวนโยบายแห่งรัฐ,1
12,เสรีภาพ หนังสือพิมพ์ จำกัด เกียรติยศ ชื่อเสียง สัญชาติ ราชอาณาจักร พิมพ์ สวัสดิภาพ อาศัย,สิทธิ-เสรีภาพ-หน้าที่,1
13,ศาลรัฐธรรมนูญ วินิจฉัย ปัญหา ประเพณี คําวินิจฉัย ชี้ขาด ศาลปกครอง เรื่อง วง พิจารณา,ตุลาการ,3
14,คุมขัง อาญา หา จำเลย คดี ศาล ตัว ประกัน ทนายความ ค้น,ตุลาการ,1
15,เกษตรกร แรงงาน ส่งเสริม มูลค่า ผลิต เกษตรกรรม น้ำ รัฐ ที่ดิน โรค,แนวนโยบายแห่งรัฐ,1
16,ปล่อย สอบสวน สั่ง ฟ้อง คดี ศาล อนุญาต สภา ขัดขวาง คุมขัง,ตุลาการ,1
17,ประชุม ลับ จำนวน ต่ำ องค์ประชุม ร้องขอ องค์ สภา กรรมาธิการ กึ่ง,อื่น ๆ (emergent),0
18,ระบอบ ประชาธิปไตย ประมุข ปกครอง อันมีพระมหากษัตริย์ทรงเป็นประมุข ประเทศไทย ศาสนา พระมหากษัตริย์ รักษา เอกราช,สถาบันพระมหากษัตริย์,1
19,ค้าน แต่งตั้ง สภานิติบัญญัติแห่งชาติ สังกัด รัฐมนตรี ตำแหน่ง นาม สภาผู้แทนราษฎร รับสนอง พรรค,แนวนโยบายแห่งรัฐ,1
20,รัฐมนตรี นายก รับสนอง นาม แต่งตั้ง พระบรมราชโองการ คน ชาติ พระมหากษัตริย์ บริหาร,บริหาร,2
21,สมัคร บัญชี เลือกตั้ง พรรค เขต ชื่อ เมือง สัดส่วน คะแนน แบ่ง,อื่น ๆ (emergent),0
22,อัยการศึก กฎ ฉุกเฉิน ชุมนุม รบ ภาวะ สถานการณ์ สงคราม สาธารณะ เวลา,อื่น ๆ (emergent),0
23,สภาผู้แทน เท่าเทียม เสมอ ศิลปะ วัฒนธรรม สังคมสงเคราะห์ ส่งเสริม สนับสนุน รักษา ไว้วางใจ,อื่น ๆ (emergent),0
24,นานา สัมพันธไมตรี เสมอภาค ยุติธรรม ส่งเสริม รัฐ ประเทศ สังคมสงเคราะห์ สันติสุข โลก,แนวนโยบายแห่งรัฐ,1
25,คดี ฐาน โทษ ศาล หนัก พิพากษา หา สำหรับ ธรรมดา ธรรมนูญ,ตุลาการ,1
26,สัญชาติ บ้าน ไทย ทะเบียน สมัคร คุณสมบัติ เลือกตั้ง ต่ำ ติดต่อ ปี,อื่น ๆ (emergent),0
27,ปลัด พลเรือน กระทรวง อธิบดี เทียบเท่า พ้น พระราชอัธยาศัย ทหาร ตาย ตำแหน่ง,อื่น ๆ (emergent),0
28,ครอบครัว อบรม บุคคล เงื่อนไข ศึกษา คุ้มครอง ประถม สงวน แหน่ง ตํา,อื่น ๆ (emergent),0
29,พระราชอำนาจ พระราชกฤษฎีกา ขัด ตรา พระมหากษัตริย์ อัยย พระราชอํานาจ กฎ ศึก แนะนํา,สถาบันพระมหากษัตริย์,1
30,ประธาน รอง รัฐสภา กิจการ มอบหมาย อำนาจ ดำเนิน แทน วุฒิสภา ทำ,นิติบัญญัติ,2
31,รอง ประธาน สภา คน มติ สภาผู้ พระมหากษัตริย์ วุฒิสภา ประชุม แต่งตั้ง,สถาบันพระมหากษัตริย์,1
32,ยุบ พระราชกฤษฎีกา เลือกตั้ง ราชอาณาจักร เหตุการณ์ สิ้นสุด ทั่วไป อายุ สภาผู้แทนราษฎร ต้องกํา,นิติบัญญัติ,1
33,ตุลาการ แต่งตั้ง ดำเนิน เลือกตั้ง สิบ หมาย ทั่วไป ประเภท รัฐสภา สภาผู้,แนวนโยบายแห่งรัฐ,1
34,องคมนตรี พระราชกรณียกิจ นาม รับสนอง พระราชอัธยาศัย แต่งตั้ง พ้น พระบรมราชโองการ ปวง พระมหากษัตริย์,สถาบันพระมหากษัตริย์,2
35,เอกสิทธิ์ วิทยุ ถ้อยคำ โฆษณา แถลง เท็จจริง คิดเห็น พิมพ์ ฟ้องร้อง ถ่ายทอด,สิทธิ-เสรีภาพ-หน้าที่,1
36,พระราชบัญญัติ ร่าง จ่าย เงิน พิจารณาร่าง งบ วุฒิสภา เกี่ยว เสนอ ว,นิติบัญญัติ,1
37,อากร ภาษี อุตสาหกรรม สนับสนุน สมาชิกภาพ สหกรณ์ เกษตรกรรม ผลิต ค้า ส่งเสริม,อื่น ๆ (emergent),0
38,ท้องถิ่น สัญญา หนังสือ บริหาร กระทบ ประเทศ มนุษยชน ประชามติ ปกครอง องค์กร,บริหาร,1
39,ประชุม อนุโลม ข้อ ปรึกษา รัฐสภา พฤฒสภา วุฒิสภา สินทรัพย์ ย่อมเริ่มต้น สภาผู้,นิติบัญญัติ,2
40,นโยบาย รับผิดชอบ บริหาร รัฐมนตรี ที่ปรึกษา แผ่นดิน แถลง แผน แนว เศรษฐกิจ,บริหาร,2
41,ช่วยเหลือ ท่องเที่ยว การกีฬา เรื่องราว ทุกข์ ศาสตร์ ชิคภาพ ศิลปวิทยา สภาชิกภาพ เงื่อนไข,อื่น ๆ (emergent),0
42,เงิน กู้ พระราชบัญญัติ เกี่ยว ร่าง ผ่อน เสนอ สงสัย ลด เงินตรา,อื่น ๆ (emergent),0
43,สื่อสาร เคหสถาน ครอบครอง อาศัย ติดต่อ เสรีภาพ ปราศจาก ตรวจ บุคคล ปกติสุข,สิทธิ-เสรีภาพ-หน้าที่,1
44,วาระ เสียง ประชามติ คะแนน ญัตติ จำนวน สาม สอง ออกเสียง พิจารณา,การมีส่วนร่วมทางการเมือง,1
45,พระราชหัตถเลขา พระบรมราชโองการ นาม รับสนอง แผ่นดิน เกี่ยว พระบรมราช โองการ รัฐมนตรี สนอง,แนวนโยบายแห่งรัฐ,1
46,พระปรมาภิไธย ราชกิจจานุเบกษา ถวาย ทูลเกล้า ประชามติ ร่าง พระมหากษัตริย์ ทูลเกล้าทูลกระหม่อม นายก รัฐสภา,สถาบันพระมหากษัตริย์,1
47,สั่ง รักษาความ สงบแห่ง หัวหน้า ทำลาย ชาติ สั่งการ นายก นิติบัญญัติ กระทํา,อื่น ๆ (emergent),0
48,เขต จังหวัด ราษฎร แบ่ง คน หมื่น แสน จำนวน เลือกตั้ง เศษ,อื่น ๆ (emergent),0
49,แวดล้อม ชุมชน คุณภาพ ธรรมชาติ ทรัพยากร กระทบ หลากหลาย สุขภาพ อนุรักษ์ พื้นที่,อื่น ๆ (emergent),0
50,สภานิติบัญญัติแห่งชาติ พระราชบัญญัติ ชั่วคราว ดํารงตําแหน่ง ศาลรัฐธรรมนูญ ยกเว้น ตรวจ รักษาการ สงบแห่ง ผู้ดํารงตําแหน่ง,ตุลาการ,2
51,เรียบร้อย ปรึกษา อภิปราย กระทู้ กรรมาธิการ ญัตติ พิจารณาร่าง ถาม เสนอ กิจการ,อื่น ๆ (emergent),0
52,อภิปราย ไว้วางใจ ทั่วไป ญัตติ มติ ปัญหา จำนวน ชื่อ แถลง รัฐมนตรี,แนวนโยบายแห่งรัฐ,1
53,พระพุทธเจ้า ปฏิญาณ สัตย์ ถวาย จงรักภักดี ซื่อสัตย์สุจริต ถ้อยคำ พระมหากษัตริย์ รักษา ประเทศ,สถาบันพระมหากษัตริย์,1
54,กรรมาธิการ ร่าง พระราชบัญญัติ ชอบ ยับยั้ง คณะ พิจารณาร่าง พิจารณา รัฐสภา สภาผู้แทนราษฎร,นิติบัญญัติ,2
55,อสังหาริมทรัพย์ เวนคืน คืน เจ้าของ ทดแทน ค่า ทายาท สิทธิ เสียหาย ชดใช้,สิทธิ-เสรีภาพ-หน้าที่,1
56,แนะนำ พระราชอำนาจ นิติบัญญัติ รัฐมนตรี อำนาจ ถวาย พระมหากษัตริย์ นายก บวิหาร พ้น,สถาบันพระมหากษัตริย์,1
57,ถาม ตอบ กระทู้ เรื่อง ปลอด ภัย เกี่ยว รัฐมนตรี สิทธิ แผ่นดิน,สิทธิ-เสรีภาพ-หน้าที่,1
58,ปฏิญาณ ซื่อสัตย์สุจริต ถ้อยคำ ปวงชน จงรักภักดี รักษา ประโยชน์ ชื่อ พระปรมาภิไธย ประเทศ,สิทธิ-เสรีภาพ-หน้าที่,1
59,ศึกษา อบรม สถาน รัฐ บำรุง ขอบเขต ฝึก อุดมศึกษา อบรมชั้น พลเมือง,แนวนโยบายแห่งรัฐ,1
60,บวช พรต ภิกษุ สามเณร สม แบ่งแยก เพิกถอน ประเทศไทย หมาย หู,อื่น ๆ (emergent),0
61,เสรีภาพ สิทธิ คุ้มครอง อาชีพ ศีลธรรม เป็นธรรม บุคคล ขจัด จํากัด อาศัยอํานาจ,สิทธิ-เสรีภาพ-หน้าที่,2
62,อาณาจักรไทย ชั่วคราว ราช กาล นาม ฉะเพาะ ประเทศ ราชกิจจานุเบกษา  ,อื่น ๆ (emergent),0
63,อนุมัติ พระราชกำหนด สาธารณะ ปัด ป้อง ภัยพิบัติ ชักช้า ภัย ปลอด รีบ,อื่น ๆ (emergent),0
64,อภัยโทษ ป้องกัน พระราชทาน พระราชอำนาจ ประเทศ บทบาท พระมหากษัตริย์ ศาล พิพากษา บุคคล,สถาบันพระมหากษัตริย์,1
65,รอง ประธาน ตอบแทน ตำแหน่ง ดำรง พระราชกฤษฎีกา ค้าน วุฒิสภา หรือว ภาพ,นิติบัญญัติ,1
66,เลข แก้ องคมนตรี ตำแหน่ง สภาผู้แทนราษฎร สิ้นสุด ดำเนิน วุฒิสภา ทำ ดำรง,นิติบัญญัติ,2
67,ถัด ราชกิจจานุเบกษา ชอบ รัฐสภา      ,แนวนโยบายแห่งรัฐ,1
68,หน่วย รัฐวิสาหกิจ สัมปทาน รัฐ งาน คู่ ราชการ อ้อม สัญญา เงิน,แนวนโยบายแห่งรัฐ,1
69,อรรถคดี พิพากษา อิสระ อิสสระ วุฒิสภา พระปรมาภิไธย สัญชาติ พิจารณา ออรรถคดี บุคคล,นิติบัญญัติ,1
70,อธิปไตย ประมุข ชน อำนาจ ปวง ไทย ปวงชน พระมหากษัตริย์ มหากษัตริย์ ธรรมนูญ,สถาบันพระมหากษัตริย์,1
71,กราบบังคมทูล วิสามัญ พระบรมราชโองการ ยื่น ร้อง ร้องขอ สภา สอง รัฐสภา สนอง,แนวนโยบายแห่งรัฐ,1
72,พรรค เมือง ลา ภาพ สิ้นสุด มติ สมาชิกภาพ คุก ห้าม ลหุโทษ,อื่น ๆ (emergent),0
73,เดือน ประจำ ราชการ เมือง เงิน ตำแหน่ง ประจํา ดำรง ผู้ดํารงตําแหน่ง พนักงาน,อื่น ๆ (emergent),0
74,ประชามติ ทูลเกล้า ร่าง พระราชดำริ ถวาย พระบรมราชโองการ ออกเสียง ประชาชน พระปรมาภิไธย พระมหากษัตริย์,สถาบันพระมหากษัตริย์,1
75,สืบ ราชสันตติวงศ์ มณเฑียรบาล พระพุทธศักราช กฎ สืบราชสมบัติ ทราบ รัฐสภา พระรัชทายาท นัย,สถาบันพระมหากษัตริย์,1
76,อำนาจ พระมหากษัตริย์ อำนาจบ นิติบัญญัติ ศาล บวิหาร บริหาร ตุลาการ รัฐมนตรี ดูแล,บริหาร,2
77,องคมนตรี ตำแหน่ง ดำรง แผ่นดิน บริหาร คณะ รัฐมนตรี ปฏิรูปการปกครอง วาระ ทำ,บริหาร,2
78,ตรา พระราชกำหนด อากร ด่วน ภาษี ลับ เงินตรา ถัด อนุโลม รักษา,อื่น ๆ (emergent),0
79,ปฏิรูป ชาติ กรรมาธิการ สภาปฏิรูป ร่าง คณะ แนะ ขับเคลื่อน สงบแห่ง เสนอ,อื่น ๆ (emergent),0
80,เครื่อง ราชอิสริยาภรณ์ ฐานันดรศักดิ์ สถาปนา พระราชอำนาจ ถอดถอน คืน พระราชทาน พระมหากษัตริย์ อิสริยาภรณ์,สถาบันพระมหากษัตริย์,1
81,ฝักใฝ่ เจ้าหน้าที่ พนักงาน ประจำ รัฐวิสาหกิจ พรรค เดือน เมือง องคมนตรี ฝึก,สถาบันพระมหากษัตริย์,1
82,ปวงชน ผูกมัด ไทย บริสุทธิ์ใจ ประโยชน์ สภาชิก แทน ซื่อสัตย์สุจริต อาณัติ ครอบงํา,สิทธิ-เสรีภาพ-หน้าที่,1
83,แนะนำ ยินยอม จะตรา ตรา พระราชบัญญัติ รัฐสภา ย้อนหลัง ร่าง สภานิติบัญญัติแห่งชาติ โทษ,แนวนโยบายแห่งรัฐ,1
84,พระราชทาน คืน พระปรมาภิไธย เสมือน เดิม พระมหากษัตริย์ ปรึกษา ถวาย ทูลเกล้า พระราชบัญญัติ,สถาบันพระมหากษัตริย์,1
85,กรรมาธิการ อัตรา กิจการ อำนาจ สามัญ วิสามัญ สอบสวน เท็จจริง รายงาน สอบ,อื่น ๆ (emergent),0
86,งบ จ่าย คลัง โอน เงิน ชดใช้ รีบ วินัย ถัด วิธีการ,อื่น ๆ (emergent),0
87,ศาล วินิจฉัย ศาลรัฐธรรมนูญ คดี คณะตุลาการรัฐธรรมนูญ น เช่ โต้แย้ง ทางการ คู่,ตุลาการ,2
88,ปัญหา ฟัง อภิปราย สมควร คิดเห็น รัฐสภา แจ้ง ทั่วไป สําคัญ รัฐมนตรี,แนวนโยบายแห่งรัฐ,1
89,สืบราชสมบัติ ชอบ สงคราม รัฐสภา พระองค์ สำเร็จ หนังสือ ปรึกษา สัญญา พระพุทธศักราช,สถาบันพระมหากษัตริย์,1
90,แยก รัฐสภา วุฒิสภา ประชุม ย่อมเริ่มต้น เริ่มต้น สภาผู้แทน สภาผู้ สภาผู้แทนราษฎร สิ้นสุด,นิติบัญญัติ,3
91,เอกสิทธิ์ แถลง เท็จจริง สิทธิ คิดเห็น อนุโลม ประชุม คะแนน เสียง ข้อ,สิทธิ-เสรีภาพ-หน้าที่,1
92,ประเภท เลือก ชื่อ สมัคร ลำดับ คะแนน คน จำนวน บัญชี การเลือกตั้ง,อื่น ๆ (emergent),0
93,พิธี นิติภาวะ บรรลุ พระองค์ ประชุม โปรดเกล้า ทำ พระมหากษัตริย์ สามัญ รัฐ,สถาบันพระมหากษัตริย์,1
94,ท้องถิ่น ปกครอง เจตนารมณ์ ประชาชน หลัก องค์กร ดูแล รูปแบบ กำกับ เลื่อมใสศรัทธา,ท้องถิ่น,1
95,สามัญ ประชุม สามัญนิติบัญญัติ ปี ประจำ ประจําปี รัฐสภา ปฏิทิน สิบ สอง,แนวนโยบายแห่งรัฐ,1
96,ข้อมูล หน่วย ข่าวสาร วิทยุ ลูกจ้าง รัฐ งาน พนักงาน รัฐวิสาหกิจ กิจการ,แนวนโยบายแห่งรัฐ,1
97,ยกเลิก เลขหมวด ทวิ จักร ฉะบับ ธรรมนูญ ลำดับ ทศ อาณาจักรไทย อัฏฐ,อื่น ๆ (emergent),0
98,ห้าม ลักษณะ ทุจริต กรรมการ ไม่ต่ํา ปี ล้มละลาย ผู้ดํารงตําแหน่ง ตรวจ ท้องถิ่น,ตรวจสอบอำนาจรัฐ/ต้านทุจริต,1
99,ศาสนา พิธีกรรม นิยม นิกาย เสรีภาพ พลเมือง ปฏิปักษ์ ศีลธรรม รอน แตกต่าง,สิทธิ-เสรีภาพ-หน้าที่,1
100,อภัยโทษ พระราชอำนาจ พระราชทาน พระมหากษัตริย์ ราชทาน สถาปนา อำนาจ ราชอิสริยาภรณ์ จอมทัพ เครื่อง,สถาบันพระมหากษัตริย์,1
